"additionalInfo/Accessibility/0/Wheelchair accessible entrance","additionalInfo/Accessibility/0/Wheelchair accessible parking lot","additionalInfo/Accessibility/0/Wheelchair accessible restroom","additionalInfo/Accessibility/1/Wheelchair accessible entrance","additionalInfo/Accessibility/1/Wheelchair accessible parking lot","additionalInfo/Accessibility/1/Wheelchair accessible restroom","additionalInfo/Accessibility/1/Wheelchair accessible seating","additionalInfo/Accessibility/2/Wheelchair accessible entrance","additionalInfo/Accessibility/2/Wheelchair accessible parking lot","additionalInfo/Accessibility/2/Wheelchair accessible restroom","additionalInfo/Accessibility/2/Wheelchair accessible seating","additionalInfo/Accessibility/3/Wheelchair accessible entrance","additionalInfo/Accessibility/3/Wheelchair accessible parking lot","additionalInfo/Accessibility/3/Wheelchair accessible seating","additionalInfo/Amenities/0/Restroom","additionalInfo/Atmosphere/0/Casual","additionalInfo/Children/0/Good for kids","additionalInfo/Children/1/Good for kids birthday","additionalInfo/Children/1/High chairs","additionalInfo/Children/1/Kids' menu","additionalInfo/Children/2/High chairs","additionalInfo/Children/2/Kids' menu","additionalInfo/Children/3/Kids' menu","additionalInfo/Crowd/0/Family-friendly","additionalInfo/Crowd/0/Groups","additionalInfo/Crowd/1/Groups","additionalInfo/Crowd/2/LGBTQ+ friendly","additionalInfo/Dining options/0/Breakfast","additionalInfo/Dining options/1/Lunch","additionalInfo/Dining options/2/Counter service","additionalInfo/Dining options/2/Dinner","additionalInfo/Dining options/3/Catering","additionalInfo/Dining options/3/Counter service","additionalInfo/Dining options/3/Dessert","additionalInfo/Dining options/4/Counter service","additionalInfo/Dining options/4/Dessert","additionalInfo/Dining options/4/Seating","additionalInfo/Dining options/5/Dessert","additionalInfo/Dining options/5/Seating","additionalInfo/Dining options/6/Seating","additionalInfo/Highlights/0/Fast service","additionalInfo/Offerings/0/Alcohol","additionalInfo/Offerings/0/All you can eat","additionalInfo/Offerings/0/Beer","additionalInfo/Offerings/0/Coffee","additionalInfo/Offerings/1/Beer","additionalInfo/Offerings/1/Coffee","additionalInfo/Offerings/1/Halal food","additionalInfo/Offerings/1/Healthy options","additionalInfo/Offerings/1/Late-night food","additionalInfo/Offerings/1/Quick bite","additionalInfo/Offerings/2/Coffee","additionalInfo/Offerings/2/Halal food","additionalInfo/Offerings/2/Healthy options","additionalInfo/Offerings/2/Late-night food","additionalInfo/Offerings/2/Quick bite","additionalInfo/Offerings/2/Vegan options","additionalInfo/Offerings/2/Vegetarian options","additionalInfo/Offerings/2/Vegetarian options only","additionalInfo/Offerings/3/Halal food","additionalInfo/Offerings/3/Healthy options","additionalInfo/Offerings/3/Late-night food","additionalInfo/Offerings/3/Quick bite","additionalInfo/Offerings/3/Vegan options","additionalInfo/Offerings/3/Vegetarian options","additionalInfo/Offerings/3/Wine","additionalInfo/Offerings/4/Late-night food","additionalInfo/Offerings/4/Quick bite","additionalInfo/Offerings/4/Vegan options","additionalInfo/Offerings/4/Vegetarian options","additionalInfo/Offerings/5/Quick bite","additionalInfo/Offerings/5/Vegetarian options","additionalInfo/Offerings/5/Wine","additionalInfo/Offerings/6/Vegan options","additionalInfo/Offerings/6/Vegetarian options","additionalInfo/Offerings/6/Wine","additionalInfo/Offerings/7/Vegetarian options","additionalInfo/Offerings/7/Wine","additionalInfo/Offerings/8/Wine","additionalInfo/Parking/0","additionalInfo/Parking/0/Free parking lot","additionalInfo/Parking/0/Free street parking","additionalInfo/Parking/0/Paid parking lot","additionalInfo/Parking/1","additionalInfo/Parking/1/Free street parking","additionalInfo/Parking/1/Paid parking lot","additionalInfo/Parking/1/Paid street parking","additionalInfo/Parking/2","additionalInfo/Parking/2/Paid street parking","additionalInfo/Payments/0/Credit cards","additionalInfo/Payments/1/Debit cards","additionalInfo/Payments/2/NFC mobile payments","additionalInfo/Payments/3/Credit cards","additionalInfo/Service options/0/Curbside pickup","additionalInfo/Service options/0/Delivery","additionalInfo/Service options/0/No-contact delivery","additionalInfo/Service options/0/Outdoor seating","additionalInfo/Service options/0/Takeout","additionalInfo/Service options/1/Delivery","additionalInfo/Service options/1/Dine-in","additionalInfo/Service options/1/Drive-through","additionalInfo/Service options/1/No-contact delivery","additionalInfo/Service options/2/Delivery","additionalInfo/Service options/2/Drive-through","additionalInfo/Service options/2/Onsite services","additionalInfo/Service options/2/Takeout","additionalInfo/Service options/3/Dine-in","additionalInfo/Service options/3/Drive-through","additionalInfo/Service options/3/Onsite services","additionalInfo/Service options/3/Takeout","additionalInfo/Service options/4/Dine-in","additionalInfo/Service options/4/Onsite services","additionalInfo/Service options/4/Takeout","additionalInfo/Service options/5/Dine-in","additionalInfo/Service options/5/Takeout","additionalInfo/Service options/6/Dine-in","address","categories/0","categories/1","categories/2","categories/3","categories/4","categories/5","categories/6","categoryName","cid","city","claimThisBusiness","countryCode","description","fid","googleFoodUrl","imagesCount","isAdvertisement","location/lat","location/lng","neighborhood","openingHours/0/day","openingHours/0/hours","openingHours/1/day","openingHours/1/hours","openingHours/2/day","openingHours/2/hours","openingHours/3/day","openingHours/3/hours","openingHours/4/day","openingHours/4/hours","openingHours/5/day","openingHours/5/hours","openingHours/6/day","openingHours/6/hours","permanentlyClosed","phone","phoneUnformatted","placeId","postalCode","price","rank","reserveTableUrl","reviewsCount","scrapedAt","searchPageUrl","searchString","state","street","subTitle","temporarilyClosed","title","totalScore","url","website"
"true",,,,"false",,,,,,"false",,,,"true","true","true","true",,,"true",,"true",,"true",,,"true","true",,"true",,"true",,,"true",,,"true",,"true",,,,"true",,,"true",,,,,,,"true",,,,,,,,"true",,,,,,"true",,,"true",,,,,,,,,,,,,,,,,,"true","true","true","true",,,"true",,,"true",,,,,,,"true","true",,,,,,,,,,"No 28 B, Sunrise Apartments Lokhandwala Complex, Sami, Swami Samarth Nagar, Mumbai, Maharashtra 400053, India","Fast food restaurant","Breakfast restaurant","Coffee shop","Dessert shop","Family restaurant","Delivery Restaurant","Restaurant","Fast food restaurant","6652737848027969966","Mumbai","false","IN","Classic, long-running fast-food chain known for its burgers & fries.","0x3be7b617b2dbb20b:0x5c5345d33780f9ae","https://food.google.com/chooseprovider?restaurantId=/g/1tctq3r4&g2lbs=AOHF13l75QtcPErKUKlVZ767Ep4amMW-oRLQ1T-1QQAV_97dNXc9gTf2cVUlsQK_AK0pRBGMiHCTABOVaCsxavyLSG2YRWuXoFKr0Vs3P5CFEeWrKIGs0V0%3D&hl=en-US&gl=us&fo_m=MfohQo559jFvMUOzJVpjPL1YMfZ3bInYwBDuMfaXTPp5KXh-&utm_source=tactile&gei=UrO3ZpPOEbamptQP4b6c0QI&ei=UrO3ZpPOEbamptQP4b6c0QI&fo_s=OA,SOE&opi=79508299&foub=mcpp","707","false","19.1410404","72.8255331","Swami Samarth Nagar, Lokhandwala Complex, Andheri West","Monday","7 AM to 1 AM","Tuesday","7 AM to 1 AM","Wednesday","7 AM to 1 AM","Thursday","7 AM to 1 AM","Friday","7 AM to 1 AM","Saturday","7 AM to 1 AM","Sunday","7 AM to 1 AM","false","+91 89283 04002","+918928304002","ChIJC7Lbshe25zsRrvmAN9NFU1w","400053","$$","1",,"6160","2024-08-10T18:37:07.112Z","https://www.google.com/maps/search/mc%20donalds/@19.162346668492933,72.79330810928057,15z?hl=en","mc donalds","Maharashtra","No 28 B, Sunrise Apartments Lokhandwala Complex, Sami","मॅकडॉनल्ड्स","false","McDonald's","4.2","https://www.google.com/maps/search/?api=1&query=McDonald's&query_place_id=ChIJC7Lbshe25zsRrvmAN9NFU1w","https://mcdelivery.co.in/"
,,"true",,,,,,,,,,,,"true","true","true","true",,,"true",,"true","true",,"true",,"true","true",,"true","true",,,"true",,,"true",,"true",,,,,"true",,,,,"true",,,,,,,"true",,,,,,,,"true",,,,,,,,,,,,,,,,"true",,,,"true",,,,,"true","true","true","true",,,"true",,,"true",,,,,,,"true","true",,,,,,,,,,"Shop No 2, Vicino Mall, near, New Link Rd, Oshiwara, Andheri West, Mumbai, Maharashtra 400102, India","Fast food restaurant","Breakfast restaurant","Coffee shop","Dessert shop","Family restaurant","Delivery Restaurant","Restaurant","Fast food restaurant","15930459482600546685","Mumbai","false","IN","Classic, long-running fast-food chain known for its burgers & fries.","0x3be7b7087fc91f61:0xdd145c7f0928a17d","https://food.google.com/chooseprovider?restaurantId=/g/11q4cchbmb&g2lbs=AOHF13ml7n6ON-cSxGo7iQvklBzV7hNdCQwZ4P_RDUyYg7PvDTjg8x8j9ibnycBTaHP00W-m-mkXztgOodfTc5lfFbOGqH4S4XtJPkkf9YiikNYpMNh-2_E%3D&hl=en-US&gl=us&fo_m=MfohQo559jFvMUOzJVpjPL1YMfZ3bInYwBDuMfaXTPp5KXh-&utm_source=tactile&gei=UrO3ZpPOEbamptQP4b6c0QI&ei=UrO3ZpPOEbamptQP4b6c0QI&fo_s=OA,SOE&opi=79508299&foub=mcpp","108","false","19.151364","72.834174","Oshiwara, Andheri West","Monday","9 AM to 1 AM","Tuesday","9 AM to 1 AM","Wednesday","9 AM to 1 AM","Thursday","9 AM to 1 AM","Friday","9 AM to 1 AM","Saturday","9 AM to 1 AM","Sunday","9 AM to 1 AM","false","+91 70213 59487","+917021359487","ChIJYR_Jfwi35zsRfaEoCX9cFN0","400102","$$","2",,"978","2024-08-10T18:37:07.113Z","https://www.google.com/maps/search/mc%20donalds/@19.162346668492933,72.79330810928057,15z?hl=en","mc donalds","Maharashtra","Shop No 2, Vicino Mall, near, New Link Rd","मैकडॉनल्ड्स","false","McDonald's","4.7","https://www.google.com/maps/search/?api=1&query=McDonald's&query_place_id=ChIJYR_Jfwi35zsRfaEoCX9cFN0","https://mcdelivery.co.in/restaurants/mumbai/414/order-food-online-in-McDonalds-mumbaimalloshiwaravicino-oshiwara"
,"true",,,,"true",,,,,"true","false",,,"true","true","true","true",,,"true",,"true",,"true",,,"true","true",,"true",,"true",,,"true",,,"true",,"true",,,,"true",,,,,"true",,,,,,"true",,,,,,,,"true",,,,,,"true",,,,,,,,,,,,,,,,,,,,"true","true","true","true",,,"true",,,"true",,,,,,"true",,,,,"true","true",,,,,,"Hingu Bhavan Hingu Bhavan Andheri East Station, Sahar Rd, near Agarkar Chowk, Mumbai, Maharashtra 400069, India","Fast food restaurant","Breakfast restaurant","Coffee shop","Dessert shop","Family restaurant","Delivery Restaurant","Restaurant","Fast food restaurant","5379578900977691123","Mumbai","false","IN","Classic, long-running fast-food chain known for its burgers & fries.","0x3be7c9d25b4e065d:0x4aa81a8219f629f3","https://food.google.com/chooseprovider?restaurantId=/g/11clyszln3&g2lbs=AOHF13nXpd_eE4SuO6vA5ISAKGFTD3RRfY7SZIzb1p58PZdhUIUOr4fpC5lObq-FLYdXFDn3HaK-bp8bfaeSJnLYcY9Ns_2GOdOAVQtvntjdMbWW5XWAbyo%3D&hl=en-US&gl=us&fo_m=MfohQo559jFvMUOzJVpjPL1YMfZ3bInYwBDuMfaXTPp5KXh-&utm_source=tactile&gei=UrO3ZpPOEbamptQP4b6c0QI&ei=UrO3ZpPOEbamptQP4b6c0QI&fo_s=OA,SOE&opi=79508299&foub=mcpp","1434","false","19.1184016","72.8478115","Railway Colony, Andheri East","Monday","5 AM to 2:45 AM","Tuesday","5 AM to 2:45 AM","Wednesday","5 AM to 2:45 AM","Thursday","5 AM to 2:45 AM","Friday","5 AM to 2:45 AM","Saturday","5 AM to 2:45 AM","Sunday","5 AM to 2:45 AM","false","+91 89282 10222","+918928210222","ChIJXQZOW9LJ5zsR8yn2GYIaqEo","400069","$$","3",,"9187","2024-08-10T18:37:07.114Z","https://www.google.com/maps/search/mc%20donalds/@19.162346668492933,72.79330810928057,15z?hl=en","mc donalds","Maharashtra","Hingu Bhavan Hingu Bhavan Andheri East Station, Sahar Rd, near Agarkar Chowk","मॅकडॉनल्ड्","false","McDonald's","4.2","https://www.google.com/maps/search/?api=1&query=McDonald's&query_place_id=ChIJXQZOW9LJ5zsR8yn2GYIaqEo","https://mcdelivery.co.in/restaurants/mumbai/146/order-food-online-in-McDonalds-vaibhav-andherieast"
"true",,,,"false",,,,,,"false",,,,"true","true","true","true",,,,"true",,,"true",,,"true","true",,"true",,"true",,,"true",,,,,"true",,,,"true",,,,,"true",,,,,,"true",,,,,,,,"true",,,,,,"true",,,,,,,,,,,,,,,,,,,,"true","true","true","true",,,"true",,,"true",,,,,,"true",,,,,"true","true",,,,,,"No 18, Unity Mansion Gazdar Road, Andheri West, opposite Andheri Station, Mumbai, Maharashtra 400058, India","Fast food restaurant","Breakfast restaurant","Coffee shop","Dessert shop","Family restaurant","Delivery Restaurant","Restaurant","Fast food restaurant","6296545630208988960","Mumbai","false","IN","Classic, long-running fast-food chain known for its burgers & fries.","0x3be7c9d3d377fbb3:0x5761d2e3e0a51720","https://food.google.com/chooseprovider?restaurantId=/g/1tkc0l3k&g2lbs=AOHF13kz73KWDoAtL1ZEx3FC9irWR1WWEhcH63Ijcgf-7yf2V_R9gjN_yDW7iWi3BoenuQTy7Y77YiQE67zYyEDE6MFiIjF-YlXdZhlcQK_tcF1ugN84L2s%3D&hl=en-US&gl=us&fo_m=MfohQo559jFvMUOzJVpjPL1YMfZ3bInYwBDuMfaXTPp5KXh-&utm_source=tactile&gei=UrO3ZpPOEbamptQP4b6c0QI&ei=UrO3ZpPOEbamptQP4b6c0QI&fo_s=OA,SOE&opi=79508299&foub=mcpp","1263","false","19.119604","72.8460569","Railway Colony, Andheri East","Monday","7 AM to 1 AM","Tuesday","7 AM to 1 AM","Wednesday","7 AM to 1 AM","Thursday","7 AM to 1 AM","Friday","7 AM to 1 AM","Saturday","7 AM to 1 AM","Sunday","7 AM to 1 AM","false","+91 89283 04008","+918928304008","ChIJs_t309PJ5zsRIBel4OPSYVc","400058","$$","4",,"6471","2024-08-10T18:37:07.114Z","https://www.google.com/maps/search/mc%20donalds/@19.162346668492933,72.79330810928057,15z?hl=en","mc donalds","Maharashtra","No 18, Unity Mansion Gazdar Road, Andheri West, opposite Andheri Station","मॅकडोनाल्ड्स","false","McDonald's","4.1","https://www.google.com/maps/search/?api=1&query=McDonald's&query_place_id=ChIJs_t309PJ5zsRIBel4OPSYVc","https://www.mcdelivery.co.in/home"
"true",,,,"true",,,,,,"true",,,,"true","true","true","true",,,"true",,"true",,"true",,,"true","true",,"true",,"true",,,"true",,,"true",,"true",,,,"true",,,,"true",,,,,,"true",,,,,,,,"true",,,,,,,"true",,,,,,,,,,,"true",,,,"true",,,,,"true","true","true","true",,,"true",,,"true",,,,,,"true",,,,,"true","true",,,,,,"No 001/101, The Destination MG Road Next Shopper Stop, Chembur, Mumbai, Maharashtra 400089, India","Fast food restaurant","Breakfast restaurant","Coffee shop","Dessert shop","Family restaurant","Delivery Restaurant","Restaurant","Fast food restaurant","684515553526999672","Mumbai","false","IN","Classic, long-running fast-food chain known for its burgers & fries.","0x3be7b6f12c3372e1:0x97fe344eb34ea78","https://food.google.com/chooseprovider?restaurantId=/g/1td0wyhq&g2lbs=AOHF13kn0vZJP6E5O6pUz6vVWs2PFGHnHGC0Sg6w6Cena98gcgRdUqYWA8GxiT4ydH7y2CycQwRrxtCLn-9O3AAeQaYIT76kHMToATGkZHfHQDJiw9roQ8Y%3D&hl=en-US&gl=us&fo_m=MfohQo559jFvMUOzJVpjPL1YMfZ3bInYwBDuMfaXTPp5KXh-&utm_source=tactile&gei=UrO3ZpHPIOj_ptQP4JzwiQI&ei=UrO3ZpHPIOj_ptQP4JzwiQI&fo_s=OA,SOE&opi=79508299&foub=mcpp","1127","false","19.0690378","72.9002922","Brindavan Colony, Chembur West, Tilak Nagar, Chembur","Monday","9 AM to 2 AM","Tuesday","9 AM to 2 AM","Wednesday","9 AM to 2 AM","Thursday","9 AM to 2 AM","Friday","9 AM to 2 AM","Saturday","9 AM to 2 AM","Sunday","9 AM to 2 AM","false","+91 89283 04020","+918928304020","ChIJ4XIzLPG25zsReOo060Tjfwk","400089","$$","1",,"7576","2024-08-10T18:37:07.694Z","https://www.google.com/maps/search/mc%20donalds/@19.065010686301413,72.89618727814387,15z?hl=en","mc donalds","Maharashtra","No 001/101, The Destination MG Road Next Shopper Stop","मॅकडोनाल्ड्स","false","McDonald's","4.2","https://www.google.com/maps/search/?api=1&query=McDonald's&query_place_id=ChIJ4XIzLPG25zsReOo060Tjfwk","https://www.mcdelivery.co.in/home"
"false",,,,"false",,,,,,"false",,,,"true","true","true","true",,,"true",,"true",,"true",,,"true","true",,"true",,"true",,,"true",,,"true",,"true",,,,"true",,,,,"true",,,,,,"true",,,,,,,,,"true",,,,,,,,,,,,,,,,,,,,,,,,,"true","true","true","true",,,"true",,,"true",,,,,,,"true","true",,,,,,,,,,"SN 09, Plot No 1A, Basant Court CHS Ltd Sion, opposite Sion Railway, Station, Mumbai, Maharashtra 400603, India","Fast food restaurant","Breakfast restaurant","Coffee shop","Dessert shop","Family restaurant","Delivery Restaurant","Restaurant","Fast food restaurant","6346656423017866793","Mumbai","false","IN","Classic, long-running fast-food chain known for its burgers & fries.","0x3be7c8ce2875290f:0x5813da64056e6629","https://food.google.com/chooseprovider?restaurantId=/g/11gf8hm1l_&g2lbs=AOHF13kg2QOovutWzp0HwyKC4mfYkq7fhd0fgFDb5GZab64-6rToI9BYzYQZMdcS3PiUgPGK58atatVjFnanxPDzoab34IJoeMTUcENvbaFJzroZ7mgqW4Q%3D&hl=en-US&gl=us&fo_m=MfohQo559jFvMUOzJVpjPL1YMfZ3bInYwBDuMfaXTPp5KXh-&utm_source=tactile&gei=UrO3ZpHPIOj_ptQP4JzwiQI&ei=UrO3ZpHPIOj_ptQP4JzwiQI&fo_s=OA,SOE&opi=79508299&foub=mcpp","707","false","19.0456321","72.8635064","Sindhi Colony, Station","Monday","7 AM to 4 AM","Tuesday","7 AM to 4 AM","Wednesday","7 AM to 4 AM","Thursday","7 AM to 4 AM","Friday","7 AM to 4 AM","Saturday","7 AM to 4 AM","Sunday","7 AM to 4 AM","false","+91 89283 04285","+918928304285","ChIJDyl1KM7I5zsRKWZuBWTaE1g","400603","$$","2",,"4338","2024-08-10T18:37:07.694Z","https://www.google.com/maps/search/mc%20donalds/@19.065010686301413,72.89618727814387,15z?hl=en","mc donalds","Maharashtra","SN 09, Plot No 1A, Basant Court CHS Ltd Sion, opposite Sion Railway","मॅकडोनाल्ड्स","false","McDonald's","4.1","https://www.google.com/maps/search/?api=1&query=McDonald's&query_place_id=ChIJDyl1KM7I5zsRKWZuBWTaE1g","https://mcdelivery.co.in/restaurants/mumbai/277/order-food-online-in-McDonalds-sionavishkar-sion"
"false",,,,"false",,,,,,,,,,"true","true","true","true",,,"true",,"true","true",,"true",,"true","true",,"true",,"true",,,"true",,,"true",,"true",,,,"true",,,"true",,,,,,,"true",,,,,,,,"true",,,,,,,"true",,,"true",,,,,,,,"true",,,,"true",,,,,"true","true","true","true","true",,,,,,,,"true","true",,,,,,"true",,,,"true","true",,,"Unit No 11, Sumit Artista, near Central Plaza, Kolivery Village, Kunchi Kurve Nagar, Kalina, Santacruz East, Mumbai, Maharashtra 400098, India","Fast food restaurant","Breakfast restaurant","Coffee shop","Dessert shop","Family restaurant","Delivery Restaurant","Restaurant","Fast food restaurant","1850812107536641701","Mumbai","false","IN","Classic, long-running fast-food chain known for its burgers & fries.","0x3be7c8f1d729bead:0x19af67ce47b6aea5","https://food.google.com/chooseprovider?restaurantId=/g/11f03zhpr_&g2lbs=AOHF13n_WnBOQAi9ElhkMDbBn2fBTtjlm6B46N2nh2SC4Rbn1R2lOJmviyx_vAbWeziT8N1cl0G8dgZHa24gEyK5IKTpxY0YFSuYUAjEQ5nilVCjJVL0_nk%3D&hl=en-US&gl=us&fo_m=MfohQo559jFvMUOzJVpjPL1YMfZ3bInYwBDuMfaXTPp5KXh-&utm_source=tactile&gei=UrO3ZpHPIOj_ptQP4JzwiQI&ei=UrO3ZpHPIOj_ptQP4JzwiQI&fo_s=OA,SOE&opi=79508299&foub=mcpp","1368","false","19.0730281","72.8667951","Kolivery Village, Kunchi Kurve Nagar, Kalina, Santacruz East","Monday","9 AM to 1 AM","Tuesday","9 AM to 1 AM","Wednesday","9 AM to 1 AM","Thursday","9 AM to 1 AM","Friday","9 AM to 1 AM","Saturday","9 AM to 1 AM","Sunday","9 AM to 1 AM","false","+91 89283 04299","+918928304299","ChIJrb4p1_HI5zsRpa62R85nrxk","400098","$$","3",,"7945","2024-08-10T18:37:07.694Z","https://www.google.com/maps/search/mc%20donalds/@19.065010686301413,72.89618727814387,15z?hl=en","mc donalds","Maharashtra","Unit No 11, Sumit Artista, near Central Plaza","मॅकडॉनल्ड्स","false","McDonald's","4.3","https://www.google.com/maps/search/?api=1&query=McDonald's&query_place_id=ChIJrb4p1_HI5zsRpa62R85nrxk","https://mcdelivery.co.in/restaurants/mumbai/269/order-food-online-in-McDonalds-kalinaartista-kalina"
"false",,,,"false",,,,,,"false",,,,"true","true","true","true",,,"true",,"true",,"true",,,"true","true",,"true",,"true",,,"true",,,"true",,"true",,,,"true",,,,,"true",,,,,,"true",,,,,,,,,"true",,,,,,,,,,,,,,,,,"true",,,,,,,,"true","true","true",,,,"true",,,"true",,,,,,"true",,,,,"true","true",,,,,,"1st Floor, Narayan Niwas, Plot 720 A, Hanuman Rd, near Gazali Hotel, Vishnu Prasad Society, Navpada, Vile Parle East, Vile Parle, Mumbai, Maharashtra 400057, India","Fast food restaurant","Breakfast restaurant","Coffee shop","Dessert shop","Family restaurant","Delivery Restaurant","Restaurant","Fast food restaurant","6086916245290124715","Mumbai","false","IN","Classic, long-running fast-food chain known for its burgers & fries.","0x3be7c9b530ac1fc9:0x54791213421285ab","https://food.google.com/chooseprovider?restaurantId=/g/11dxlb_tf3&g2lbs=AOHF13kOErV2yLnM24iRvzTz11k6qnj6fW3CDnoTEIt3zZUOxgHSIpwegdynMiKoDqsup-ureKndVKBtdpHzm5HKGJruyf892eKeMGlcOdHLzDLF7-1HBao%3D&hl=en-US&gl=us&fo_m=MfohQo559jFvMUOzJVpjPL1YMfZ3bInYwBDuMfaXTPp5KXh-&utm_source=tactile&gei=UrO3ZtCxIOTdptQPqs_NuQw&ei=UrO3ZtCxIOTdptQPqs_NuQw&fo_s=OA,SOE&opi=79508299&foub=mcpp","1300","false","19.1037664","72.8507666","Vishnu Prasad Society, Navpada, Vile Parle East, Vile Parle","Monday","10 AM to 1 AM","Tuesday","10 AM to 1 AM","Wednesday","10 AM to 1 AM","Thursday","10 AM to 1 AM","Friday","10 AM to 1 AM","Saturday","10 AM to 1 AM","Sunday","10 AM to 1 AM","false","+91 89282 10294","+918928210294","ChIJyR-sMLXJ5zsRq4USQhMSeVQ","400057","$$","2",,"4890","2024-08-10T18:37:07.763Z","https://www.google.com/maps/search/mc%20donalds/@19.097456013698586,72.82760116556834,15z?hl=en","mc donalds","Maharashtra","1st Floor, Narayan Niwas, Plot 720 A, Hanuman Rd, near Gazali Hotel","मॅकडोनल्ड्स","false","McDonald's","4.2","https://www.google.com/maps/search/?api=1&query=McDonald's&query_place_id=ChIJyR-sMLXJ5zsRq4USQhMSeVQ","https://mcdelivery.co.in/restaurants/mumbai/262/order-food-online-in-McDonalds-nivariavileparle-vileparleeast"
"true",,,,"true",,,,,"true",,,,"true","true","true","true","true",,,"true",,"true","true",,"true",,"true","true",,"true","true",,,"true",,,"true",,"true","true",,,,"true",,,,,"true",,,,,,"true",,,,,,,,,"true",,,,,,,,,,,,,,,,,,"true",,,,"true",,,"true","true","true","true","true",,,,,,,,"true","true",,,,,"true",,,,"true",,,"true","true","The Hub Mall, Upper Ground Floor, Nirlon Compound, Western Express Hwy, Goregaon, Mumbai, Maharashtra 400063, India","Fast food restaurant","American restaurant",,,,,,"Fast food restaurant","13651467123617700031","Mumbai","false","IN","Classic, long-running fast-food chain known for its burgers & fries.","0x3be7b7b5cbfd45b7:0xbd73c105362818bf","https://food.google.com/chooseprovider?restaurantId=/g/1tfkznrz&g2lbs=AOHF13mcQQPRaS5-NPxKxmypkLz43VwD17jPiYtFETF0PfKjwe2ELjVMXGAkmlIb5FgAdfBdGWdlQ9dawsMRDJHeBElE-zeEzor-qsDCWo3ZoNs2RzvFK8s%3D&hl=en-US&gl=us&fo_m=MfohQo559jFvMUOzJVpjPL1YMfZ3bInYwBDuMfaXTPp5KXh-&utm_source=tactile&gei=UrO3ZpPOEbamptQP4b6c0QI&ei=UrO3ZpPOEbamptQP4b6c0QI&fo_s=OA,SOE&opi=79508299&foub=mcpp","873","false","19.1546209","72.8563523","Cama Industrial Estate, Goregaon","Monday","9 AM to 1 AM","Tuesday","9 AM to 1 AM","Wednesday","9 AM to 1 AM","Thursday","9 AM to 1 AM","Friday","9 AM to 1 AM","Saturday","9 AM to 1 AM","Sunday","9 AM to 1 AM","false","+91 89282 10025","+918928210025","ChIJt0X9y7W35zsRvxgoNgXBc70","400063","$$","5",,"4520","2024-08-10T18:37:07.114Z","https://www.google.com/maps/search/mc%20donalds/@19.162346668492933,72.79330810928057,15z?hl=en","mc donalds","Maharashtra","The Hub Mall, Upper Ground Floor, Nirlon Compound, Western Express Hwy","मॅकडोनाॅल्ड्स","false","McDonald's","4.1","https://www.google.com/maps/search/?api=1&query=McDonald's&query_place_id=ChIJt0X9y7W35zsRvxgoNgXBc70","https://www.mcdelivery.co.in/home?utm_source=gmb&utm_medium=google&utm_campaign=googleplace"
"false",,,,"false",,,,,,,,,,"true","true","true","true",,,"true",,"true",,"true",,,"true","true",,"true",,"true",,,"true",,,"true",,,,,,"true",,,,,"true",,,,,,,,,,,,,,,,,,,,,,,,,,,,,,,"true",,,,"true",,,,,"true","true","true","true",,,"true",,,"true",,,,,,"true",,,,,"true","true",,,,,,"Nirman Heights, MHB Colony Borivali New Link Road opposite Don Bosco School, Borivali West, Mumbai, Maharashtra 400091, India","Fast food restaurant","Breakfast restaurant","Coffee shop","Dessert shop","Family restaurant","Delivery Restaurant","Restaurant","Fast food restaurant","817482835211287192","Mumbai","false","IN","Classic, long-running fast-food chain known for its burgers & fries.","0x3be7b1376442a551:0xb58484eb2bf7a98","https://food.google.com/chooseprovider?restaurantId=/g/11h5mfnzhz&g2lbs=AOHF13n6WdOnodP-9KmKAcIEiBfSQ-CVxBYWFnP-NEj2qmpQ0Ikru_D_h0H1yttHVjZ2ZSA86a3pV53J227qVI_kX_vWG-QaM5x6bu6EVobH0JzidBFP2Uk%3D&hl=en-US&gl=us&fo_m=MfohQo559jFvMUOzJVpjPL1YMfZ3bInYwBDuMfaXTPp5KXh-&utm_source=tactile&gei=UrO3ZrvQLcDLkPIPwZrA0AM&ei=UrO3ZrvQLcDLkPIPwZrA0AM&fo_s=OA,SOE&opi=79508299&foub=mcpp","542","false","19.2304274","72.840668","MHB Colony, Gorai Nagar, Borivali West","Monday","9 AM to 12 AM","Tuesday","9 AM to 12 AM","Wednesday","9 AM to 12 AM","Thursday","9 AM to 12 AM","Friday","9 AM to 12 AM","Saturday","9 AM to 12 AM","Sunday","9 AM to 12 AM","false","+91 93247 35343","+919324735343","ChIJUaVCZDex5zsRmHq_sk5IWAs","400091","$$","1",,"3458","2024-08-10T18:37:07.800Z","https://www.google.com/maps/search/mc%20donalds/@19.22723732328728,72.82760116556834,15z?hl=en","mc donalds","Maharashtra","Nirman Heights, MHB Colony Borivali New Link Road opposite Don Bosco School","मॅकडोनाल्ड्स","false","McDonald's","4.4","https://www.google.com/maps/search/?api=1&query=McDonald's&query_place_id=ChIJUaVCZDex5zsRmHq_sk5IWAs","https://www.mcdelivery.co.in/home"
"false",,,,,,,,,,,,,,"true","true","true","true",,,"true",,"true",,"true",,,"true","true",,"true",,"true",,,"true",,,"true",,,,"true",,,,"true",,,,,,,,"true",,,,,,,,,"true",,,,,,"true",,,,,,,,,,,,,,,,,,,,"true","true","true",,,,"true",,,"true",,,,,,"true",,,,,"true","true",,,,,,"Arihant Height, Behind Jhunjunwala collage, Laxminarayan Road Near Ghatkopar Railway Station ( west, opposite side of Hotel Anand, Mumbai, Maharashtra 400086, India","Fast food restaurant","Breakfast restaurant","Coffee shop","Dessert shop","Family restaurant","Delivery Restaurant","Restaurant","Fast food restaurant","7747117303261213763","Mumbai","false","IN","Classic, long-running fast-food chain known for its burgers & fries.","0x3be7c7e270eadcad:0x6b834a242e2ab443","https://food.google.com/chooseprovider?restaurantId=/g/11llbc8jb9&g2lbs=AOHF13kfCpGpg_GeDh2V8tKJFhKmRfw_DCJme99lBfiX3aS_NlZXPquY7LKbRycN--5TUr4PJJBIGP6IyDUqXWY54TRBnA_2C2VjR6Ded581ODLmre-sPRc%3D&hl=en-US&gl=us&fo_m=MfohQo559jFvMUOzJVpjPL1YMfZ3bInYwBDuMfaXTPp5KXh-&utm_source=tactile&gei=UrO3ZpHPIOj_ptQP4JzwiQI&ei=UrO3ZpHPIOj_ptQP4JzwiQI&fo_s=OA,SOE&opi=79508299&foub=mcpp","244","false","19.0869733","72.9089323","Shival Nagar, CGS Colony, Ghatkopar West","Monday","8 AM to 1 AM","Tuesday","8 AM to 1 AM","Wednesday","8 AM to 1 AM","Thursday","8 AM to 1 AM","Friday","8 AM to 1 AM","Saturday","8 AM to 1 AM","Sunday","8 AM to 1 AM","false","+91 85913 03078","+918591303078","ChIJrdzqcOLH5zsRQ7QqLiRKg2s","400086","$$","4",,"1988","2024-08-10T18:37:07.694Z","https://www.google.com/maps/search/mc%20donalds/@19.065010686301413,72.89618727814387,15z?hl=en","mc donalds","Maharashtra","Arihant Height, Behind Jhunjunwala collage, Laxminarayan Road Near Ghatkopar Railway Station ( west, opposite side of Hotel Anand","मैकडॉनल्ड्स","false","McDonald's","4.3","https://www.google.com/maps/search/?api=1&query=McDonald's&query_place_id=ChIJrdzqcOLH5zsRQ7QqLiRKg2s","https://mcdelivery.co.in/restaurants/mumbai/379/order-food-online-in-McDonalds-arihantghatkopar-ghatkopar-west"
"false",,,,"false",,,,,,"false",,,,"true","true","true","true",,,"true",,"true","true",,"true",,"true","true",,"true","true",,,"true",,,"true",,"true","true",,,,"true",,,,,"true",,,,,,"true",,,,,,,,,"true",,,,,,,,,,,,,,,,,"true",,,,,,,,"true","true","true","true",,,"true",,,"true",,,,,,"true",,,,,"true","true",,,,,,"Ground Floor, Liberty Lodge, Dashrathlal Joshi Rd, LIC Colony, Suresh Colony, Vile Parle West, Mumbai, Maharashtra 400056, India","Fast food restaurant","Breakfast restaurant","Coffee shop","Dessert shop","Family restaurant","Delivery Restaurant","Restaurant","Fast food restaurant","10399597944608965190","Mumbai","false","IN","Classic, long-running fast-food chain known for its burgers & fries.","0x3be7c9b768325edb:0x9052cb3b2f4cc246","https://food.google.com/chooseprovider?restaurantId=/g/1tjpnzm_&g2lbs=AOHF13nvDVG0reyr48PWtzgChrHqrrNF6xVcem6IY1RRzEu4ET95XM4s00ceCpRmfhZrMZHkLRMz89m-5i0zMOOA8h5D1l98K5_6wYyWs5f0dS5TFgcQLP4%3D&hl=en-US&gl=us&fo_m=MfohQo559jFvMUOzJVpjPL1YMfZ3bInYwBDuMfaXTPp5KXh-&utm_source=tactile&gei=UrO3ZtCxIOTdptQPqs_NuQw&ei=UrO3ZtCxIOTdptQPqs_NuQw&fo_s=OA,SOE&opi=79508299&foub=mcpp","1768","false","19.1002903","72.8407333","LIC Colony, Suresh Colony, Vile Parle West","Monday","9 AM to 12 AM","Tuesday","9 AM to 12 AM","Wednesday","9 AM to 12 AM","Thursday","9 AM to 12 AM","Friday","9 AM to 12 AM","Saturday","9 AM to 12 AM","Sunday","9 AM to 12 AM","false","+91 89282 12004","+918928212004","ChIJ214yaLfJ5zsRRsJMLzvLUpA","400056","$$","3",,"11144","2024-08-10T18:37:07.763Z","https://www.google.com/maps/search/mc%20donalds/@19.097456013698586,72.82760116556834,15z?hl=en","mc donalds","Maharashtra","Ground Floor, Liberty Lodge, Dashrathlal Joshi Rd","मैकडॉनल्ड्स","false","McDonald's","4.3","https://www.google.com/maps/search/?api=1&query=McDonald's&query_place_id=ChIJ214yaLfJ5zsRRsJMLzvLUpA","https://www.mcdelivery.co.in/home"
"true",,,,"true",,,,,"true",,,,"true","true","true","true","true",,,"true",,"true",,"true",,,"true","true",,"true",,"true",,,"true",,,"true",,"true",,"true",,,,"true",,,,,,,"true",,,,,,,,"true",,,,,,"true",,,,"true",,,,,,,,,,"true",,,,"true",,,,"true","true","true","true",,,"true",,,"true",,,,,"true",,,,,,"true","true",,,,,,"Neptune Magnet Mall, Lal Bahadur Shastri Marg, Ganesh Nagar, Bhandup West, Mumbai, Maharashtra 400078, India","Fast food restaurant","Breakfast restaurant","Coffee shop","Dessert shop","Family restaurant","Delivery Restaurant","Restaurant","Fast food restaurant","18061387342486575918","Mumbai","false","IN","Classic, long-running fast-food chain known for its burgers & fries.","0x3be7b8772daf1a65:0xfaa6f0183ba61b2e","https://food.google.com/chooseprovider?restaurantId=/g/119vj996f&g2lbs=AOHF13kZuQ_BiXZPAXZQc2-ZgS6gZcTUx7PBP7YHXFkKn9NB7vYXwI7Y4XVFCvZrcF5nAZA6HooI5OjwK3EYnflF6dHV5hM6RIPszkNOLOBbdvvOladEi-E%3D&hl=en-US&gl=us&fo_m=MfohQo559jFvMUOzJVpjPL1YMfZ3bInYwBDuMfaXTPp5KXh-&utm_source=tactile&gei=UrO3ZpygHNC1ptQPvr7V8Qs&ei=UrO3ZpygHNC1ptQPvr7V8Qs&fo_s=OA,SOE&opi=79508299&foub=mcpp","902","false","19.1417921","72.9319027","Ganesh Nagar, Bhandup West","Monday","10 AM to 12 AM","Tuesday","10 AM to 12 AM","Wednesday","10 AM to 12 AM","Thursday","10 AM to 12 AM","Friday","10 AM to 12 AM","Saturday","10 AM to 12 AM","Sunday","10 AM to 12 AM","false","+91 89283 04305","+918928304305","ChIJZRqvLXe45zsRLhumOxjwpvo","400078","$$","4",,"5693","2024-08-10T18:37:07.848Z","https://www.google.com/maps/search/mc%20donalds/@19.162346668492933,72.9647733907194,15z?hl=en","mc donalds","Maharashtra","Neptune Magnet Mall, Lal Bahadur Shastri Marg","मॅकडोनाल्ड्स","false","McDonald's","4.2","https://www.google.com/maps/search/?api=1&query=McDonald's&query_place_id=ChIJZRqvLXe45zsRLhumOxjwpvo","https://mcdelivery.co.in/restaurants/mumbai/94/order-food-online-in-McDonalds-magnetmallbhandup-bhandupwestmetromall"
,,,,,,,,,,,,,,"true","true","true","true",,,"true",,"true",,"true",,,"true","true",,"true",,"true",,,"true",,,"true",,,,,,"true",,,,,"true",,,,,,,,,"true",,,,,,,,,,,,,,,,,,,,,,"true",,,,"true",,,,,"true","true","true",,,,"true",,,"true",,,,,,,"true","true",,,,,,,,,,"Plot No 3 & 228, Besides Bhagwati Restaurant, Horizon Gold CHSL, Shop No 7, Ground Floor & First Floor, R.D.P 6, Market, Charkop Sector 3, Kandivali West, Mumbai, Maharashtra 400067, India","Fast food restaurant","Breakfast restaurant","Coffee shop","Dessert shop","Restaurant",,,"Fast food restaurant","15534839039011193306","Mumbai","false","IN","Classic, long-running fast-food chain known for its burgers & fries.","0x3be7b7ddea33aed1:0xd796d5cc832201da","https://food.google.com/chooseprovider?restaurantId=/g/11txs_p02j&g2lbs=AOHF13mbZ8-uTBF-9vf0b8ls5zPWu0xwWKJ2IHb2Mo7AX-L8rEdPtJh3dcMlaiZqmZvmzmyRCmxwTsjUoAT0KeHFZMmcwNZ8YeHSQgZegPlSMszgtaQki6k%3D&hl=en-US&gl=us&fo_m=MfohQo559jFvMUOzJVpjPL1YMfZ3bInYwBDuMfaXTPp5KXh-&utm_source=tactile&gei=UrO3ZrvQLcDLkPIPwZrA0AM&ei=UrO3ZrvQLcDLkPIPwZrA0AM&fo_s=OA,SOE&opi=79508299&foub=mcpp","112","false","19.2155258","72.8298221","Sangh Chhaya CHS, RDP 8, Charkop Sector 3, Kandivali West","Monday","10 AM to 12 AM","Tuesday","10 AM to 12 AM","Wednesday","10 AM to 12 AM","Thursday","10 AM to 12 AM","Friday","10 AM to 12 AM","Saturday","10 AM to 12 AM","Sunday","10 AM to 12 AM","false","+91 81043 12549","+918104312549","ChIJ0a4z6t235zsR2gEig8zVltc","400067","$$","2",,"792","2024-08-10T18:37:07.800Z","https://www.google.com/maps/search/mc%20donalds/@19.22723732328728,72.82760116556834,15z?hl=en","mc donalds","Maharashtra","Plot No 3 & 228, Besides Bhagwati Restaurant, Horizon Gold CHSL, Shop No 7, Ground Floor & First Floor, R.D.P 6, Market","मैकडॉनल्ड्स","false","McDonald's","4.7","https://www.google.com/maps/search/?api=1&query=McDonald's&query_place_id=ChIJ0a4z6t235zsR2gEig8zVltc","https://mcdelivery.co.in/restaurants/mumbai/440/order-food-online-in-McDonalds-mumbaikandivalievehorizon-kandivaliwestcharkop"
"true",,,,"true",,,,,"true",,,,"true","true","true","true","true",,,,"true",,,"true",,,"true","true","true",,,,"true",,,"true",,,,"true",,,,"true",,,"true",,,,,,"true",,,,,,,,,"true",,,,,,,"true",,,,,,,,,,,,,,,,,,,,"true","true","true","true",,,,"true",,,,,"true","true",,,,,,,"true","true",,,,,,"314,315-316, Infiniti Mall, KL Walawalkar Marg, Phase D, Shastri Nagar, Andheri West, Mumbai, Maharashtra 400053, India","Fast food restaurant","Breakfast restaurant","Coffee shop","Dessert shop","Family restaurant","Delivery Restaurant","Restaurant","Fast food restaurant","20196882738404287","Mumbai","false","IN","Classic, long-running fast-food chain known for its burgers & fries.","0x3be7b63c563752f1:0x47c0f535315bbf","https://food.google.com/chooseprovider?restaurantId=/g/1xfsm64m&g2lbs=AOHF13l4qSoJCP-rQ-KiF9K3ntl-LBFu7_AI-hRycGyL93d9OeoFryq2CsznUGvGyjRjTOHFdHUpBLzVjScSxPNALSZp2KWTKOCpXfHtMj9BAoJHMu28pdQ%3D&hl=en-US&gl=us&fo_m=MfohQo559jFvMUOzJVpjPL1YMfZ3bInYwBDuMfaXTPp5KXh-&utm_source=tactile&gei=UrO3ZpPOEbamptQP4b6c0QI&ei=UrO3ZpPOEbamptQP4b6c0QI&fo_s=OA,SOE&opi=79508299&foub=mcpp","277","false","19.1410545","72.8312555","Phase D, Shastri Nagar, Andheri West","Monday","11 AM to 11 PM","Tuesday","11 AM to 11 PM","Wednesday","11 AM to 11 PM","Thursday","11 AM to 11 PM","Friday","11 AM to 11 PM","Saturday","11 AM to 11 PM","Sunday","11 AM to 11 PM","false","+91 89283 04121","+918928304121","ChIJ8VI3Vjy25zsRv1sxNfXARwA",,"$$","7",,"2997","2024-08-10T18:37:07.114Z","https://www.google.com/maps/search/mc%20donalds/@19.162346668492933,72.79330810928057,15z?hl=en","mc donalds","Maharashtra","314,315-316, Infiniti Mall, KL Walawalkar Marg","मॅकडोनाल्ड्स","false","McDonald's","4.1","https://www.google.com/maps/search/?api=1&query=McDonald's&query_place_id=ChIJ8VI3Vjy25zsRv1sxNfXARwA","https://www.mcdelivery.co.in/home"
"true",,,,"true",,,,,"true",,,,,"true","true","true","true",,,"true",,"true",,"true",,,"true","true",,"true","true",,,"true",,,"true",,"true",,,"true",,,,"true",,,,,,"true",,,,,,,,,"true",,,,,,,"true",,,"true",,,,,,,,,"true",,,,"true",,,,,"true","true","true","true",,,,"true",,,,,"true","true",,,,,,,"true","true",,,,,,"East Point Mall, Shop No.02 Ground Floor, Shop No.2 First Floor, SG Barve Marg, Nehru Nagar, Kurla, Mumbai, Maharashtra 400024, India","Fast food restaurant","Breakfast restaurant","Coffee shop","Dessert shop","Family restaurant","Delivery Restaurant","Restaurant","Fast food restaurant","10223316665934046757","Mumbai","false","IN","Classic, long-running fast-food chain known for its burgers & fries.","0x3be7c901c1e2b3af:0x8de084579b546625","https://food.google.com/chooseprovider?restaurantId=/g/11rq2hr_gg&g2lbs=AOHF13nU2L3FWI_OzqF0i-EiHqt44NC5TzubVpZQmPq9UmPPJGNJOESnunDxSMYpW9sifh_gPfUKKBKdK78s8WeyXDNWQwDYmNQOfykZHVsOaCrPeAZq0AE%3D&hl=en-US&gl=us&fo_m=MfohQo559jFvMUOzJVpjPL1YMfZ3bInYwBDuMfaXTPp5KXh-&utm_source=tactile&gei=UrO3ZpHPIOj_ptQP4JzwiQI&ei=UrO3ZpHPIOj_ptQP4JzwiQI&fo_s=OA,SOE&opi=79508299&foub=mcpp","161","false","19.0650925","72.8811789","Jagruti Nagar, Nehru Nagar, Kurla","Monday","9 AM to 12 AM","Tuesday","9 AM to 12 AM","Wednesday","9 AM to 12 AM","Thursday","9 AM to 12 AM","Friday","9 AM to 12 AM","Saturday","9 AM to 12 AM","Sunday","9 AM to 12 AM","false","+91 70213 59455","+917021359455","ChIJr7PiwQHJ5zsRJWZUm1eE4I0","400024","$$","5",,"1057","2024-08-10T18:37:07.695Z","https://www.google.com/maps/search/mc%20donalds/@19.065010686301413,72.89618727814387,15z?hl=en","mc donalds","Maharashtra","East Point Mall, Shop No.02 Ground Floor, Shop No.2 First Floor, SG Barve Marg","मैकडॉनल्ड्स","false","McDonald's","4.4","https://www.google.com/maps/search/?api=1&query=McDonald's&query_place_id=ChIJr7PiwQHJ5zsRJWZUm1eE4I0","https://mcdelivery.co.in/restaurants/mumbai/406/order-food-online-in-McDonalds-mumbaikurlaeastpointmall-kurlaeast"
"true",,,,,"true",,,,,,,,,"true","true","true","true",,,"true",,"true",,"true",,,"true","true",,"true",,"true",,,"true",,,"true",,,,,,"true",,,,,"true",,,,,,,,,,,,,,,,,,,,,,,,,,,,,,,,"true",,,,,,,,"true","true","true",,"true",,,,,,,,"true","true",,,,,,,"true","true",,,,,,"Shop No.5,6,7,8, Ground Floor and Unit No.5 on First Floor, Shafi Mansion Petrol pump, Road, opp. Prime Mall, near IRLA, Navpada, Irla, Vile Parle West, Mumbai, Maharashtra 400056, India","Fast food restaurant","Breakfast restaurant","Coffee shop","Dessert shop","Family restaurant","Delivery Restaurant","Restaurant","Fast food restaurant","8146465650933468947","Mumbai","false","IN","Classic, long-running fast-food chain known for its burgers & fries.","0x3be7c94ff5f3253d:0x710e0f5902cf8f13","https://food.google.com/chooseprovider?restaurantId=/g/11sgjvqxtl&g2lbs=AOHF13mtLqQHt7rNy4kq4UkmlSujpg6x6gakRd77QaLdQ95WWJWh5ZNHqGpDaKEvE5b59tlvduremLqo8W5n_Vn1jB6TdUXwOqtHAYJRxIlqz5ILCSQ1anQ%3D&hl=en-US&gl=us&fo_m=MfohQo559jFvMUOzJVpjPL1YMfZ3bInYwBDuMfaXTPp5KXh-&utm_source=tactile&gei=UrO3ZtCxIOTdptQPqs_NuQw&ei=UrO3ZtCxIOTdptQPqs_NuQw&fo_s=OA,SOE&opi=79508299&foub=mcpp","89","false","19.1082249","72.8399855","Navpada, Irla, Vile Parle West","Monday","10 AM to 12 AM","Tuesday","10 AM to 12 AM","Wednesday","10 AM to 12 AM","Thursday","10 AM to 12 AM","Friday","10 AM to 12 AM","Saturday","10 AM to 12 AM","Sunday","10 AM to 12 AM","false","+91 93212 57033","+919321257033","ChIJPSXz9U_J5zsRE4_PAlkPDnE","400056","$$","5",,"1160","2024-08-10T18:37:07.764Z","https://www.google.com/maps/search/mc%20donalds/@19.097456013698586,72.82760116556834,15z?hl=en","mc donalds","Maharashtra","Shop No.5,6,7,8, Ground Floor and Unit No.5 on First Floor, Shafi Mansion Petrol pump, Road, opp. Prime Mall, near IRLA","मैकडॉनल्ड्स","false","McDonald's","4.6","https://www.google.com/maps/search/?api=1&query=McDonald's&query_place_id=ChIJPSXz9U_J5zsRE4_PAlkPDnE","https://www.mcdelivery.co.in/home"
"true",,,,,,"true",,,,,,,,"true","true","true","true",,,"true",,"true",,"true",,,"true","true",,"true",,"true",,,"true",,,"true",,"true",,,,"true",,,,,"true",,,,,,"true",,,,,,,,,"true",,,,,,,,,,,,,,,,"true",,,,"true",,,,,"true","true","true","true",,,"true",,,"true",,,,,,"true",,,,,"true","true",,,,,,"Agora Building, Ground Floor, RM Bhattad Rd, Borivali, Mumbai, Maharashtra 400092, India","Fast food restaurant","Breakfast restaurant","Coffee shop","Dessert shop","Family restaurant","Delivery Restaurant","Restaurant","Fast food restaurant","8181690853484625144","Mumbai","false","IN","Classic, long-running fast-food chain known for its burgers & fries.","0x3be7b0d54dc66f85:0x718b347b98037cf8","https://food.google.com/chooseprovider?restaurantId=/g/1ts1l2_r&g2lbs=AOHF13k_z-WrLGYmgbtTq8e2jVoTbtf5Ileybvzc8l-Lppz2hp9RAnUpTt1zhF8jAm1thIvgiGmaExX0Ix_lrGfN5HPizup2ZCzJA5KMVyl-SgQwxnG6d5A%3D&hl=en-US&gl=us&fo_m=MfohQo559jFvMUOzJVpjPL1YMfZ3bInYwBDuMfaXTPp5KXh-&utm_source=tactile&gei=UrO3ZrvQLcDLkPIPwZrA0AM&ei=UrO3ZrvQLcDLkPIPwZrA0AM&fo_s=OA,SOE&opi=79508299&foub=mcpp","2416","false","19.2209229","72.8523826","Vivekanand Nagar, Borivali","Monday","9 AM to 12 AM","Tuesday","9 AM to 12 AM","Wednesday","9 AM to 12 AM","Thursday","9 AM to 12 AM","Friday","9 AM to 12 AM","Saturday","9 AM to 12 AM","Sunday","9 AM to 12 AM","false","+91 89283 04022","+918928304022","ChIJhW_GTdWw5zsR-HwDmHs0i3E","400092","$$","3",,"13962","2024-08-10T18:37:07.801Z","https://www.google.com/maps/search/mc%20donalds/@19.22723732328728,72.82760116556834,15z?hl=en","mc donalds","Maharashtra","Agora Building, Ground Floor, RM Bhattad Rd","मॅकडोनाल्ड्स","false","McDonald's","4.1","https://www.google.com/maps/search/?api=1&query=McDonald's&query_place_id=ChIJhW_GTdWw5zsR-HwDmHs0i3E","https://www.mcdelivery.co.in/home"
"true",,,,"true",,,,,"true",,,,,"true","true","true",,,"true",,,,,"true",,,"true","true",,"true",,"true",,,"true",,,,,,,,,"true",,,,,,,,,,,,,,,,,,,,,,,,,,,,,,,,,,,,"true",,,,,"true",,,,"true","true","true","true",,,"true",,,"true",,,,,,,"true","true",,,,,,,,,,"Unit No 15B and 16, Unit No 15B & 16, 2nd Flr, Inorbit Mall Food Court, New Link Rd, Mindspace, Malad West, Mumbai, Maharashtra 400064, India","Fast food restaurant","Breakfast restaurant","Coffee shop","Dessert shop","Family restaurant","Delivery Restaurant","Restaurant","Fast food restaurant","18196876065213983604","Mumbai","false","IN","Classic, long-running fast-food chain known for its burgers & fries.","0x3be7b6f623881c5f:0xfc884a5ec0e32b74","https://food.google.com/chooseprovider?restaurantId=/g/11c6vqz687&g2lbs=AOHF13lvmq5Ou0KuiP7xCDs17iXwpkY4O7R0VLjzE8hI_cZmiGLZy0ysXdwmZDtaD8wZ415WvJEs41HE8vnzJOjMVhpWFFM8QyABnUuyN8s06UVe4BRAQ_U%3D&hl=en-US&gl=us&fo_m=MfohQo559jFvMUOzJVpjPL1YMfZ3bInYwBDuMfaXTPp5KXh-&utm_source=tactile&gei=UrO3ZpPOEbamptQP4b6c0QI&ei=UrO3ZpPOEbamptQP4b6c0QI&fo_s=OA,SOE&opi=79508299&foub=mcpp","124","false","19.1735399","72.8357073","Malad, Mindspace, Malad West","Monday","11 AM to 11:05 PM","Tuesday","11 AM to 11:05 PM","Wednesday","11 AM to 11:05 PM","Thursday","11 AM to 11:05 PM","Friday","11 AM to 11:05 PM","Saturday","11 AM to 11:05 PM","Sunday","11 AM to 11:05 PM","false","+91 89282 10128","+918928210128","ChIJXxyII_a25zsRdCvjwF5KiPw","400064","$$","8",,"1457","2024-08-10T18:37:07.114Z","https://www.google.com/maps/search/mc%20donalds/@19.162346668492933,72.79330810928057,15z?hl=en","mc donalds","Maharashtra","Unit No 15B and 16, Unit No 15B & 16, 2nd Flr, Inorbit Mall Food Court, New Link Rd","मॅकडोनल्ड्स","false","McDonald's","4.2","https://www.google.com/maps/search/?api=1&query=McDonald's&query_place_id=ChIJXxyII_a25zsRdCvjwF5KiPw","https://mcdelivery.co.in/restaurants/mumbai/189/order-food-online-in-McDonalds-inorbitmalad-malaswest"
,,,,,,,,,,,,,,,"true","true",,,"true",,,,,"true",,,"true","true",,"true",,"true",,,"true",,,,,,,,,"true",,,,,,,,,,,,,,,,,,,,,,,,,,,,,,,,,,,,,"true",,,,"true",,,"true","true","true","true",,,,,,"true",,"true",,,,,,,,,,,,,,,,,"Western Express Highway Metro Station, Unpaid area concourse -1 near Andheri Kurla road, flyover, next to Andheri, Andheri East, Mumbai, Maharashtra 400069, India","Fast food restaurant",,,,,,,"Fast food restaurant","15040854948996768107","Mumbai","false","IN","Classic, long-running fast-food chain known for its burgers & fries.","0x3be7c98eb97f790b:0xd0bbd9e2e120e16b",,"4","false","19.1079621","72.881578","Gamdevi, Marol, Andheri East",,,,,,,,,,,,,,,"false",,,"ChIJC3l_uY7J5zsRa-Eg4eLZu9A","400069","$$","6",,"858","2024-08-10T18:37:07.848Z","https://www.google.com/maps/search/mc%20donalds/@19.162346668492933,72.9647733907194,15z?hl=en","mc donalds","Maharashtra","Western Express Highway Metro Station, Unpaid area concourse -1 near Andheri Kurla road, flyover, next to Andheri","मैकडॉनल्ड्स","false","McDonald's","5","https://www.google.com/maps/search/?api=1&query=McDonald's&query_place_id=ChIJC3l_uY7J5zsRa-Eg4eLZu9A","https://www.mcdelivery.co.in/"
"true",,,,"true",,,,,,,,,,"true","true","true",,"true",,,"true",,"true",,"true",,"true","true",,"true","true",,,"true",,,"true",,"true","true",,"true",,,,"true",,,,,,,,"true",,,,,,,,"true",,,,,,,"true",,,,,,,,,,,,,"true",,,,,,,"true","true","true","true",,,,"true",,,,,"true","true",,,,,,,"true","true",,,,,,"K Star Mall, VN Purav Marg, Diamond Garden, Basant Garden, Chembur, Mumbai, Maharashtra 400071, India","Fast food restaurant",,,,,,,"Fast food restaurant","1802823710569128236","Mumbai","false","IN","Classic, long-running fast-food chain known for its burgers & fries.","0x3be7c5696f0edf69:0x1904ea9ced1fe12c","https://food.google.com/chooseprovider?restaurantId=/g/11ghpc53y8&g2lbs=AOHF13m0xNFUVQggIGueQP6S5qgOIgUIY3rXmILyT9s7qv7Xi-3mWgIQjkyB_6YHGbWuhKQV1lIyRVxKKk6gHUBty8JLxkbpCr9i0rjzNk6beohI7pG-55M%3D&hl=en-US&gl=us&fo_m=MfohQo559jFvMUOzJVpjPL1YMfZ3bInYwBDuMfaXTPp5KXh-&utm_source=tactile&gei=UrO3ZpHPIOj_ptQP4JzwiQI&ei=UrO3ZpHPIOj_ptQP4JzwiQI&fo_s=OA,SOE&opi=79508299&foub=mcpp","211","false","19.0523242","72.9015757","Diamond Garden, Basant Garden, Chembur","Monday","10 AM to 11 PM","Tuesday","10 AM to 11 PM","Wednesday","10 AM to 11 PM","Thursday","10 AM to 11 PM","Friday","10 AM to 11 PM","Saturday","10 AM to 11 PM","Sunday","10 AM to 11 PM","false","+91 89283 04058","+918928304058","ChIJad8Ob2nF5zsRLOEf7ZzqBBk","400071","$$","6",,"2173","2024-08-10T18:37:07.695Z","https://www.google.com/maps/search/mc%20donalds/@19.065010686301413,72.89618727814387,15z?hl=en","mc donalds","Maharashtra","K Star Mall, VN Purav Marg","मॅकडोनाल्ड्स","false","McDonald's","4.2","https://www.google.com/maps/search/?api=1&query=McDonald's&query_place_id=ChIJad8Ob2nF5zsRLOEf7ZzqBBk","https://mcdelivery.co.in/restaurants/mumbai/64/order-food-online-in-McDonalds-chemburkstar-chembur-e"
"false",,,,"false",,,,,,"false",,,,"true","true","true","true",,,"true",,"true",,"true",,,"true","true",,"true",,"true",,,"true",,,"true",,"true",,,,"true",,,,,"true",,,,,,"true",,,,,,,,,"true",,,,,,,,,,,,,,,,,"true",,,,,,,,"true","true","true","true",,,"true",,,"true",,,,,"true",,,,,"true",,,,"true","true",,,"Shalimar Miracle, Swami Vivekananda Rd, near to City Centre Mall, Jawahar Nagar, Goregaon West, Mumbai, Maharashtra 400104, India","Fast food restaurant","Breakfast restaurant","Coffee shop","Dessert shop","Family restaurant","Delivery Restaurant","Restaurant","Fast food restaurant","4731160408982056418","Mumbai","false","IN","Classic, long-running fast-food chain known for its burgers & fries.","0x3be7b64de5b77db7:0x41a8755340c46de2","https://food.google.com/chooseprovider?restaurantId=/g/11ckvfmd11&g2lbs=AOHF13mKfCUzncxdAk05zYCBZZB8wzt8_BtRQNqy3WG0FQWizJ9VO8Udyr9fQ9xIJoMZeIMxo56PQ_lCOZAnj4wWF8Lm9mKDUPPvSYY4-KSMNHWKAZEBBY8%3D&hl=en-US&gl=us&fo_m=MfohQo559jFvMUOzJVpjPL1YMfZ3bInYwBDuMfaXTPp5KXh-&utm_source=tactile&gei=UrO3ZoDpLO-6kPIPmOqs4Aw&ei=UrO3ZoDpLO-6kPIPmOqs4Aw&fo_s=OA,SOE&opi=79508299&foub=mcpp","589","false","19.1615219","72.8462578","Jawahar Nagar, Goregaon West","Monday","10 AM to 11 PM","Tuesday","10 AM to 11 PM","Wednesday","10 AM to 11 PM","Thursday","10 AM to 11 PM","Friday","10 AM to 11 PM","Saturday","10 AM to 11 PM","Sunday","10 AM to 11 PM","false","+91 89283 04238","+918928304238","ChIJt3235U225zsR4m3EQFN1qEE","400104","$$","4",,"3953","2024-08-10T18:37:07.786Z","https://www.google.com/maps/search/mc%20donalds/@19.162346668492933,72.82760116556834,15z?hl=en","mc donalds","Maharashtra","Shalimar Miracle, Swami Vivekananda Rd, near to City Centre Mall","मॅकडोनल्ड्स","false","McDonald's","4.3","https://www.google.com/maps/search/?api=1&query=McDonald's&query_place_id=ChIJt3235U225zsR4m3EQFN1qEE","https://mcdelivery.co.in/restaurants/mumbai/236/order-food-online-in-McDonalds-shalimargoregoan-jawaharnagarsvroadgoregoan"
"true",,,,,"true",,,,,"true",,,,"true","true","true","true",,,"true",,"true",,"true",,,"true","true",,"true",,"true",,,"true",,,"true",,"true",,"true",,,,"true",,,,,,"true",,,,,,,,"true",,,,,,"true",,,,"true",,,,"true",,,"true",,,"true",,,,"true",,,,,"true","true","true","true",,,"true",,,"true",,,,,"true",,,,,"true",,,,"true","true",,,"Unit No 2 & 3 Shivai Dongre Ind Premises, Saki Naka, Mumbai, Maharashtra 400072, India","Fast food restaurant","Breakfast restaurant","Coffee shop","Dessert shop","Family restaurant","Delivery Restaurant","Restaurant","Fast food restaurant","17987472907512141581","Mumbai","false","IN","Classic, long-running fast-food chain known for its burgers & fries.","0x3be7c86d082c5519:0xf9a0574ec339570d","https://food.google.com/chooseprovider?restaurantId=/g/124ssh1_k&g2lbs=AOHF13mRPbpXcjK5uopv6KsEF3ghcxh-wau4wKaVySs-9CqROm66qPzR-NB1AM-GbtDmE3tzOcGmbhhXUKgHQVdeFvmv0beFJVGmKhJt-VHSBKKSYpLtIvs%3D&hl=en-US&gl=us&fo_m=MfohQo559jFvMUOzJVpjPL1YMfZ3bInYwBDuMfaXTPp5KXh-&utm_source=tactile&gei=UrO3ZpygHNC1ptQPvr7V8Qs&ei=UrO3ZpygHNC1ptQPvr7V8Qs&fo_s=OA,SOE&opi=79508299&foub=mcpp","1380","false","19.1060069","72.884872","Saki Naka","Monday","7 AM to 4 AM","Tuesday","7 AM to 4 AM","Wednesday","7 AM to 4 AM","Thursday","7 AM to 4 AM","Friday","7 AM to 4 AM","Saturday","7 AM to 4 AM","Sunday","7 AM to 4 AM","false","+91 89283 04109","+918928304109","ChIJGVUsCG3I5zsRDVc5w05XoPk","400072","$$","12",,"8133","2024-08-10T18:37:07.849Z","https://www.google.com/maps/search/mc%20donalds/@19.162346668492933,72.9647733907194,15z?hl=en","mc donalds","Maharashtra","Unit No 2 & 3 Shivai Dongre Ind Premises","मॅकडोनाल्ड्स","false","McDonald's","4.3","https://www.google.com/maps/search/?api=1&query=McDonald's&query_place_id=ChIJGVUsCG3I5zsRDVc5w05XoPk","https://mcdelivery.co.in/restaurants/mumbai/130/order-food-online-in-McDonalds-shivaiandherisakinaka-andherieast"
"true",,,,"true",,,,,,,,,,,"true","true",,"true",,,"true",,"true",,"true",,"true","true",,"true",,"true",,,"true",,,"true",,,"true",,,,,"true",,,,,,,,,,,"true",,,,,,,,"true",,,,,,,,,,,,,,,,,"true",,,,,,,"true","true","true","true",,,"true",,,"true",,,,,,"true",,,,,"true","true",,,,,,"Terminal 2, Navpada, Vile Parle East, Vile Parle, Mumbai, Maharashtra 400099, India","Fast food restaurant","Breakfast restaurant","Coffee shop","Dessert shop","Family restaurant","Delivery Restaurant","Restaurant","Fast food restaurant","11311239470537456801","Mumbai","false","IN","Classic, long-running fast-food chain known for its burgers & fries.","0x3be7c94e9739bd59:0x9cf9985e72c33ca1","https://food.google.com/chooseprovider?restaurantId=/g/11lt1q_xbk&g2lbs=AOHF13kHahzebhjU-qAtF-dhuH0sqfOoa83o4oYUdG8km2Bt-7CqqRjsOt5Wk0T0XyXTTjT1i6mGenSupvsfHSzH7rIC5Az1Mqssa2KUxrrUT3GT4u0h9xw%3D&hl=en-US&gl=us&fo_m=MfohQo559jFvMUOzJVpjPL1YMfZ3bInYwBDuMfaXTPp5KXh-&utm_source=tactile&gei=UrO3ZpHPIOj_ptQP4JzwiQI&ei=UrO3ZpHPIOj_ptQP4JzwiQI&fo_s=OA,SOE&opi=79508299&foub=mcpp","238","false","19.0974373","72.8745017","Navpada, Vile Parle East, Vile Parle","Monday","Open 24 hours","Tuesday","Open 24 hours","Wednesday","Open 24 hours","Thursday","Open 24 hours","Friday","Open 24 hours","Saturday","Open 24 hours","Sunday","Open 24 hours","false","+91 85912 02376","+918591202376","ChIJWb05l07J5zsRoTzDcl6Y-Zw","400099","$$","7",,"567","2024-08-10T18:37:07.695Z","https://www.google.com/maps/search/mc%20donalds/@19.065010686301413,72.89618727814387,15z?hl=en","mc donalds","Maharashtra","Terminal 2","मैकडॉनल्ड्स","false","McDonald's Mumbai Airport T2","4.3","https://www.google.com/maps/search/?api=1&query=McDonald's%20Mumbai%20Airport%20T2&query_place_id=ChIJWb05l07J5zsRoTzDcl6Y-Zw","https://www.mcdelivery.co.in/home"
,"false",,,,,,,,,,,,,"true","true","true","true",,,"true",,"true",,"true",,,"true","true",,"true",,"true",,,"true",,,"true",,"true",,,,"true",,,,,,"true",,,,,,"true",,,,,,,,"true",,,,,,,,,,,,,,,,"true",,,,"true",,,,,"true","true","true",,,,"true",,,"true",,,,,,,"true","true",,,,,,,,,,"Unity Heights, Shop No 1 & 2, Swami Vivekananda Rd, Mumbai, Maharashtra 400064, India","Fast food restaurant","Breakfast restaurant","Coffee shop","Dessert shop","Family restaurant","Delivery Restaurant","Restaurant","Fast food restaurant","16181711017985904189","Mumbai","false","IN","Classic, long-running fast-food chain known for its burgers & fries.","0x3be7b6fea1491657:0xe090fc6fbd130e3d","https://food.google.com/chooseprovider?restaurantId=/g/11b7dyntnd&g2lbs=AOHF13mZ4ay9jgo3hS4qWEW_NRd2xzyerf857ZYxdb4qht0GyrcyG8P0RUCl9KPvXSOEAsz7YQri_fQMMzY8ks-ttg8yQKhiKJB615CjeRnwyqH50Sqe5gQ%3D&hl=en-US&gl=us&fo_m=MfohQo559jFvMUOzJVpjPL1YMfZ3bInYwBDuMfaXTPp5KXh-&utm_source=tactile&gei=UrO3ZpPOEbamptQP4b6c0QI&ei=UrO3ZpPOEbamptQP4b6c0QI&fo_s=OA,SOE&opi=79508299&foub=mcpp","707","false","19.1796216","72.8466407","Malad, Nadiyawala Colony 2, Malad West","Monday","9 AM to 12 AM","Tuesday","9 AM to 12 AM","Wednesday","9 AM to 12 AM","Thursday","9 AM to 12 AM","Friday","9 AM to 12 AM","Saturday","9 AM to 12 AM","Sunday","9 AM to 12 AM","false","+91 89283 04220","+918928304220","ChIJVxZJof625zsRPQ4TvW_8kOA","400064","$$","9",,"4395","2024-08-10T18:37:07.114Z","https://www.google.com/maps/search/mc%20donalds/@19.162346668492933,72.79330810928057,15z?hl=en","mc donalds","Maharashtra","Unity Heights, Shop No 1 & 2, Swami Vivekananda Rd","मॅकडोनल्ड्स","false","McDonald's","4.3","https://www.google.com/maps/search/?api=1&query=McDonald's&query_place_id=ChIJVxZJof625zsRPQ4TvW_8kOA","https://mcdelivery.co.in/restaurants/mumbai/230/order-food-online-in-McDonalds-unityheights-maladsvroad"
"false",,,,,,,,,,,,,,"true","true","true","true",,,"true",,"true",,"true",,,"true","true",,"true",,"true",,,"true",,,"true",,"true",,,,"true",,,,,"true",,,,,,"true",,,,,,,,,"true",,,,,,,,,,,,,,,,"true",,,,"true",,,,,"true","true","true","true",,,"true",,,"true",,,,,"true",,,,,"true",,,,"true","true",,,"5V82+6C4, Anupam Chitra Mandir Pahadi, Eksar Rd, Jay Prakash Nagar, Goregaon, Mumbai, Maharashtra 400063, India","Fast food restaurant","Breakfast restaurant","Coffee shop","Dessert shop","Family restaurant","Delivery Restaurant","Restaurant","Fast food restaurant","12501167180599726906","Mumbai","false","IN","Classic, long-running fast-food chain known for its burgers & fries.","0x3be7b652d3d83adb:0xad7d1151156b133a","https://food.google.com/chooseprovider?restaurantId=/g/11bwpyb5w1&g2lbs=AOHF13naV2pqyurB-hMFIoo3GbTKI1QkOD6xmq0IIYbjNGaNufXiihwdaIaiclqma8PDMBIZqn0teGdAPAZrRs87TBCkvNfXp4o7J4E_3-7v_3gHInnViDg%3D&hl=en-US&gl=us&fo_m=MfohQo559jFvMUOzJVpjPL1YMfZ3bInYwBDuMfaXTPp5KXh-&utm_source=tactile&gei=UrO3ZoDpLO-6kPIPmOqs4Aw&ei=UrO3ZoDpLO-6kPIPmOqs4Aw&fo_s=OA,SOE&opi=79508299&foub=mcpp","1093","false","19.1654118","72.8511593","Peru Baug, Jay Prakash Nagar, Goregaon","Monday","10 AM to 11 PM","Tuesday","10 AM to 11 PM","Wednesday","10 AM to 11 PM","Thursday","10 AM to 11 PM","Friday","10 AM to 11 PM","Saturday","10 AM to 11 PM","Sunday","10 AM to 11 PM","false","+91 89283 04227","+918928304227","ChIJ2zrY01K25zsROhNrFVERfa0","400063","$$","7",,"6274","2024-08-10T18:37:07.787Z","https://www.google.com/maps/search/mc%20donalds/@19.162346668492933,72.82760116556834,15z?hl=en","mc donalds","Maharashtra","5V82+6C4, Anupam Chitra Mandir Pahadi, Eksar Rd","मॅकडोनाल्ड्स","false","McDonald's","4.2","https://www.google.com/maps/search/?api=1&query=McDonald's&query_place_id=ChIJ2zrY01K25zsROhNrFVERfa0","https://mcdelivery.co.in/restaurants/mumbai/239/order-food-online-in-McDonalds-anupam-goregoanstation"
"true",,,,,,,,,,,,,,,"true","true",,,,,,,,"true",,,"true","true",,"true",,"true",,,"true",,,,,,,,,"true",,,,,,,,,,,,,,,,,,,,,,,,,,,,,,,,,,,,,,"true",,,,,,,"true","true","true",,,"true",,,,,,"true",,,,,"true","true",,,,,,,,,,"Terminal 2, CSIA Level 3, Domestic Departure SHA Mumbai Chatrapati Shivaji International Airport, Sahar, Mumbai, Maharashtra 400099, India","Fast food restaurant",,,,,,,"Fast food restaurant","18027616978278050179","Mumbai","false","IN","Classic, long-running fast-food chain known for its burgers & fries.","0x3be7c9d01f84babf:0xfa2ef62099106983",,"3","false","19.0964765","72.8753433","Navpada, Vile Parle East, Vile Parle",,,,,,,,,,,,,,,"false","+91 81043 12543","+918104312543","ChIJv7qEH9DJ5zsRg2kQmSD2Lvo","400099","$$","10",,"188","2024-08-10T18:37:07.695Z","https://www.google.com/maps/search/mc%20donalds/@19.065010686301413,72.89618727814387,15z?hl=en","mc donalds","Maharashtra","Terminal 2, CSIA Level 3, Domestic Departure SHA Mumbai Chatrapati Shivaji International Airport, Sahar","मैकडॉनल्ड्स मुंबई एअरपोर्ट","false","McDonald's Mumbai Airport T2 Domestic Departure","4.5","https://www.google.com/maps/search/?api=1&query=McDonald's%20Mumbai%20Airport%20T2%20Domestic%20Departure&query_place_id=ChIJv7qEH9DJ5zsRg2kQmSD2Lvo","https://www.mcdelivery.co.in/home?utm_source=gmb&utm_medium=google&utm_campaign=googleplace"
,"false",,,,,,,,,,,,,"true","true","true","true",,,"true",,"true","true",,"true",,"true","true",,"true","true",,,"true",,,"true",,"true","true",,,,"true",,,,"true",,,,,,"true",,,,,,,,"true",,,,,,,"true",,,,,,,,,,,,,,,,,,,,"true","true","true","true",,,"true",,,"true",,,,,,,"true","true",,,,,,,,,,"Om Sai Plaza, opposite Jain Sweet, Kandivali West, Mumbai, Maharashtra 400067, India","Fast food restaurant","Breakfast restaurant","Coffee shop","Dessert shop","Family restaurant","Delivery Restaurant","Restaurant","Fast food restaurant","5331787882263006658","Mumbai","false","IN","Classic, long-running fast-food chain known for its burgers & fries.","0x3be7b7c6b603f945:0x49fe50d47404cdc2","https://food.google.com/chooseprovider?restaurantId=/g/11bwsr00nd&g2lbs=AOHF13mOuQI_TxF2lclDybDTWcHEYH561C02-og4ebFaiUNMn-0pM4fAb8O-llIHt8LXRCxraRZwjnZYEONG_7DKf1SswMDgn4_EPHDwQfGCKAZ5pC1XW-Y%3D&hl=en-US&gl=us&fo_m=MfohQo559jFvMUOzJVpjPL1YMfZ3bInYwBDuMfaXTPp5KXh-&utm_source=tactile&gei=UrO3ZrvQLcDLkPIPwZrA0AM&ei=UrO3ZrvQLcDLkPIPwZrA0AM&fo_s=OA,SOE&opi=79508299&foub=mcpp","621","false","19.2047885","72.8512634","Kandivali, Jethava Nagar, Kandivali West","Monday","8 AM to 12 AM","Tuesday","8 AM to 12 AM","Wednesday","8 AM to 12 AM","Thursday","8 AM to 12 AM","Friday","8 AM to 12 AM","Saturday","8 AM to 12 AM","Sunday","8 AM to 12 AM","false","+91 89283 04061","+918928304061","ChIJRfkDtsa35zsRws0EdNRQ_kk","400067","$$","4",,"4789","2024-08-10T18:37:07.801Z","https://www.google.com/maps/search/mc%20donalds/@19.22723732328728,72.82760116556834,15z?hl=en","mc donalds","Maharashtra","Om Sai Plaza, opposite Jain Sweet","मॅकडोनाल्ड्स","false","McDonald's","4.3","https://www.google.com/maps/search/?api=1&query=McDonald's&query_place_id=ChIJRfkDtsa35zsRws0EdNRQ_kk","https://mcdelivery.co.in/"
"true",,,,,"true",,,"false",,,,,,"true","true","true","true",,,"true",,"true","true",,"true",,"true","true",,"true","true",,,"true",,,"true",,"true","true",,,,"true",,,,,"true",,,,,,"true",,,,,,,,,"true",,,,,,,,,,,,,,,,,,"true",,,,,,,"true","true","true","true",,,"true",,,"true",,,,,,"true",,,,,"true","true",,,,,,"1st Floor, Fun Republic Mall, Off Link Rd, Mumbai, Maharashtra 400053, India","Fast food restaurant","Breakfast restaurant","Coffee shop","Dessert shop","Family restaurant","Delivery Restaurant","Restaurant","Fast food restaurant","14874686676033775272","Mumbai","false","IN","Classic, long-running fast-food chain known for its burgers & fries.","0x3be7b6239b3d6d2b:0xce6d80b8ee3aa6a8","https://food.google.com/chooseprovider?restaurantId=/g/1v5fqc4r&g2lbs=AOHF13mPqXvH0yqvZR4QNtUoxPEOXOBFRZO2hOuDSNxWywy6O5nlJJm9WTMhOYweGPr0ORsYufmtEl_CP-SNlHyNae0MoKEkF1tzUXWSA5JKUGYUD_qp6qg%3D&hl=en-US&gl=us&fo_m=MfohQo559jFvMUOzJVpjPL1YMfZ3bInYwBDuMfaXTPp5KXh-&utm_source=tactile&gei=UrO3ZpPOEbamptQP4b6c0QI&ei=UrO3ZpPOEbamptQP4b6c0QI&fo_s=OA,SOE&opi=79508299&foub=mcpp","330","false","19.1349271","72.8328409","Industrial Area, Andheri West","Monday","9 AM to 12 AM","Tuesday","9 AM to 12 AM","Wednesday","9 AM to 12 AM","Thursday","9 AM to 12 AM","Friday","9 AM to 12 AM","Saturday","9 AM to 12 AM","Sunday","9 AM to 12 AM","false","+91 89283 04041","+918928304041","ChIJK209myO25zsRqKY67riAbc4","400053","$$","10",,"1868","2024-08-10T18:37:07.115Z","https://www.google.com/maps/search/mc%20donalds/@19.162346668492933,72.79330810928057,15z?hl=en","mc donalds","Maharashtra","1st Floor, Fun Republic Mall, Off Link Rd","मॅकडॉनल्ड्स","false","McDonald's","4.3","https://www.google.com/maps/search/?api=1&query=McDonald's&query_place_id=ChIJK209myO25zsRqKY67riAbc4","https://www.mcdelivery.co.in/home"
,,"true","false",,,,,"false",,,,,,"true","true","true","true",,,"true",,"true",,"true",,,"true","true",,"true",,"true",,,"true",,,"true",,"true",,,,"true",,,"true",,,,,,,"true",,,,,,,,"true",,,,,,"true",,,"true",,,,"true",,,,,"true",,,,"true",,,,,"true","true","true",,,,"true",,,"true",,,,,"true",,,,,"true",,,,"true","true",,,"Shop No 3 & 4, GF, Jaiswal chambers, SV Road Junction, Jogeshwari - Vikhroli Link Rd, Mumbai, Maharashtra 400102, India","Fast food restaurant","Breakfast restaurant","Coffee shop","Dessert shop","Family restaurant","Delivery Restaurant","Restaurant","Fast food restaurant","4225826411635581041","Mumbai","false","IN","Classic, long-running fast-food chain known for its burgers & fries.","0x3be7b62c652d9443:0x3aa526bb6400a071","https://food.google.com/chooseprovider?restaurantId=/g/11dzv413nd&g2lbs=AOHF13nMSHBj61hxF-K9DnoRxe13XzoDMeYbNXgvmZUfoT1CkLurK-U5S76Wm3g9DFzdomTAioTvnG9kyeVXzZGgAl3d5whTtO8AmOp2f721Rll0zszRvfo%3D&hl=en-US&gl=us&fo_m=MfohQo559jFvMUOzJVpjPL1YMfZ3bInYwBDuMfaXTPp5KXh-&utm_source=tactile&gei=UrO3ZoDpLO-6kPIPmOqs4Aw&ei=UrO3ZoDpLO-6kPIPmOqs4Aw&fo_s=OA,SOE&opi=79508299&foub=mcpp","587","false","19.1348466","72.8480643","Momin Nagar, Jogeshwari West","Monday","10 AM to 11 PM","Tuesday","10 AM to 11 PM","Wednesday","10 AM to 11 PM","Thursday","10 AM to 11 PM","Friday","10 AM to 11 PM","Saturday","10 AM to 11 PM","Sunday","10 AM to 11 PM","false","+91 89282 12275","+918928212275","ChIJQ5QtZSy25zsRcaAAZLsmpTo","400102","$$","11",,"4574","2024-08-10T18:37:07.787Z","https://www.google.com/maps/search/mc%20donalds/@19.162346668492933,72.82760116556834,15z?hl=en","mc donalds","Maharashtra","Shop No 3 & 4, GF, Jaiswal chambers, SV Road Junction, Jogeshwari - Vikhroli Link Rd","मॅकडोनाल्ड्स","false","McDonald's","4.3","https://www.google.com/maps/search/?api=1&query=McDonald's&query_place_id=ChIJQ5QtZSy25zsRcaAAZLsmpTo","https://mcdelivery.co.in/restaurants/mumbai/273/order-food-online-in-McDonalds-jogeshwarijaiswal-jogeshwariwest"
"false",,,,"false",,,,,,"false",,,,"true","true","true","true",,,"true",,"true",,"true",,,"true","true",,"true",,"true",,,"true",,,"true",,"true",,,"true",,,"true",,,,,,,"true",,,,,,,,"true",,,,,,"true",,,,"true",,,,"true",,,,,,"true",,,,,"true",,,"true","true","true","true",,,,"true",,,,,"true","true",,,,,,"true",,,,"true","true",,,"Empire Building, No 134 to 136, Dr Dadabhai Naoroji Rd, Fort, Mumbai, Maharashtra 400001, India","Fast food restaurant","Breakfast restaurant","Coffee shop","Dessert shop","Family restaurant","Delivery Restaurant","Restaurant","Fast food restaurant","107941948917552456","Mumbai","false","IN","Classic, long-running fast-food chain known for its burgers & fries.","0x3be7d1d9378301f3:0x17f7ca171981548","https://food.google.com/chooseprovider?restaurantId=/g/11byxfkwyq&g2lbs=AOHF13k1grGOF5ZVWgYPOWhEaPPNKHciHR_2722SN-P7g7HBAg03-y34jY61E9KIIa7RXkQ93rvhsiAL2ijEIRpgU8qHZ8YpZOq75JvKegKUTzwp2onFNuA%3D&hl=en-US&gl=us&fo_m=MfohQo559jFvMUOzJVpjPL1YMfZ3bInYwBDuMfaXTPp5KXh-&utm_source=tactile&gei=UrO3ZribMrPu0PEPyuWA-QE&ei=UrO3ZribMrPu0PEPyuWA-QE&fo_s=OA,SOE&opi=79508299&foub=mcpp","3731","false","18.9388658","72.8345835","Azad Maidan, Fort","Monday","9 AM to 12 AM","Tuesday","9 AM to 12 AM","Wednesday","9 AM to 12 AM","Thursday","9 AM to 12 AM","Friday","9 AM to 12 AM","Saturday","9 AM to 12 AM","Sunday","9 AM to 12 AM","false","+91 89283 04006","+918928304006","ChIJ8wGDN9nR5zsRSBWYcaF8fwE","400001","$$","1",,"17356","2024-08-10T18:37:08.006Z","https://www.google.com/maps/search/mc%20donalds/@18.93522937671272,72.82760116556834,15z?hl=en","mc donalds","Maharashtra","Empire Building, No 134 to 136, Dr Dadabhai Naoroji Rd","मॅकडोनाल्ड्स","false","McDonald's","4.2","https://www.google.com/maps/search/?api=1&query=McDonald's&query_place_id=ChIJ8wGDN9nR5zsRSBWYcaF8fwE","https://www.mcdelivery.co.in/home"
"true",,,,"true",,,,,"true",,,,,"true","true","true","true",,,"true",,"true",,"true",,,"true","true",,"true",,"true",,,"true",,,"true",,,,"true",,,,"true",,,,,,,,"true",,,,,,,,,,,,,,,,,,,,,,,,,,"true",,,,"true",,,,,"true","true","true",,,,"true",,,"true",,,,,"true",,,,,,"true","true",,,,,,"CTS no.73A/3, Survey no. 47, Premises Co-Operative Society Limited, Atl Corporate Park, Shop no.1, Ground Floor, 1B, Saki Vihar Rd, Powai, Mumbai, Maharashtra 400072, India","Fast food restaurant",,,,,,,"Fast food restaurant","5818954304323012507","Mumbai","false","IN","Classic, long-running fast-food chain known for its burgers & fries.","0x3be7c99fb737134b:0x50c1141c1167479b",,"122","false","19.1227346","72.8917628","Saki Vihar, Budhia Jadhav Wadi, Marol, Powai","Monday","9 AM to 12 AM","Tuesday","9 AM to 12 AM","Wednesday","9 AM to 12 AM","Thursday","9 AM to 12 AM","Friday","9 AM to 12 AM","Saturday","9 AM to 12 AM","Sunday","9 AM to 12 AM","false","+91 81043 12548","+918104312548","ChIJSxM3t5_J5zsRm0dnERwUwVA","400072","$$","10","https://www.google.com/viewer/chooseprovider?mid=/g/11trlrl46c&g2lbs=AOHF13nUoB-RTMEFYo0_UE6o_HedUZgW-uJBXe47tKG_XOgquNhgyOH2WxlaRIYSUl_aMlqnYrZjYBOjKlrhCJUhYctZ5iF82OILk6f0PG7GplrI2tb2BFo%3D&hl=en-US&gl=us&fo_m=MfohQo559jFvMUOzJVpjPL1YMfZ3bInYwBDuMfaXTPp5KXh-&utm_source=tactile&gei=UrO3ZsmyMau00PEPgtP1sA8&ei=UrO3ZsmyMau00PEPgtP1sA8&fo_s=OA,SOE&opi=79508299&ebb=1&cs=0&foub=mcpp","548","2024-08-10T18:37:08.045Z","https://www.google.com/maps/search/mc%20donalds/@19.12990134109576,72.93048033443164,15z?hl=en","mc donalds","Maharashtra","CTS no.73A/3, Survey no. 47, Premises Co-Operative Society Limited, Atl Corporate Park, Shop no.1, Ground Floor, 1B, Saki Vihar Rd","मैकडॉनल्ड्स","false","McDonald's","4.8","https://www.google.com/maps/search/?api=1&query=McDonald's&query_place_id=ChIJSxM3t5_J5zsRm0dnERwUwVA","https://mcdelivery.co.in/restaurants/mumbai/432/order-food-online-in-McDonalds-mumbaisakiviharroadatlcorporatepark-powai"
,,,,,,,,,,,,,,,"true","true",,,,,,,,"true",,,"true","true",,"true",,"true",,,"true",,,,,,,,,"true",,,,,,,,,,,,,,,,,,,,,,,,,,,,,,,,,,,,,,,,,,,,,"true","true","true",,,,,,"true",,"true",,,,,,,,,,,,,,,,,"Domestic Terminal 1B, Chhatrapati Shivaji Maharaj International Airport, SHA, Mezzanine Level, near Vile Parle East, Navpada, Vile Parle East, Vile Parle, Mumbai, Maharashtra 400099, India","Fast food restaurant",,,,,,,"Fast food restaurant","17971709080394424717","Mumbai","false","IN","Classic, long-running fast-food chain known for its burgers & fries.","0x3be7c9a27c7adca3:0xf9685630bf92618d",,"4","false","19.0921067","72.8569011","Navpada, Vile Parle East, Vile Parle","Monday","Open 24 hours","Tuesday","Open 24 hours","Wednesday","Open 24 hours","Thursday","Open 24 hours","Friday","Open 24 hours","Saturday","Open 24 hours","Sunday","Open 24 hours","false","+91 93721 19011","+919372119011","ChIJo9x6fKLJ5zsRjWGSvzBWaPk","400099","$$","6",,"248","2024-08-10T18:37:07.764Z","https://www.google.com/maps/search/mc%20donalds/@19.097456013698586,72.82760116556834,15z?hl=en","mc donalds","Maharashtra","Domestic Terminal 1B, Chhatrapati Shivaji Maharaj International Airport, SHA, Mezzanine Level, near Vile Parle East","मैकडॉनल्ड्स","false","McDonald's Mumbai Airport T1 Departure","4.9","https://www.google.com/maps/search/?api=1&query=McDonald's%20Mumbai%20Airport%20T1%20Departure&query_place_id=ChIJo9x6fKLJ5zsRjWGSvzBWaPk","https://mcdelivery.co.in/"
"false",,,,"false",,,,,,"false",,,,"true","true","true","true",,,"true",,"true",,"true",,,"true","true",,"true",,"true",,,"true",,,"true",,"true",,,,"true",,,,,"true",,,,,,"true",,,,,,,,"true",,,,,,"true",,,,,,,,,,,"true",,,,"true",,,,,"true","true","true","true",,,"true",,,"true",,,,,,,"true","true",,,,,,,,,,"UN 1, Jayaram Heights, Gagangiri Cplx, A Wing, New Link Rd, Mumbai, Maharashtra 400068, India","Fast food restaurant","Breakfast restaurant","Coffee shop","Dessert shop","Family restaurant","Delivery Restaurant","Restaurant","Fast food restaurant","12968975738936050742","Mumbai","false","IN","Classic, long-running fast-food chain known for its burgers & fries.","0x3be7b0fda0399a79:0xb3fb0eb8d3f14436","https://food.google.com/chooseprovider?restaurantId=/g/1tf9lqpj&g2lbs=AOHF13m3Aw9YYGXXyFV-xBKoSavTXelXA1C5dBi6afHv47EwUgWkQB3HhBUmJo_mGs6X1p1A9AIm-S4owPYVMc81X892nL53JLvAHOwbMpwmmnADfHuuV5w%3D&hl=en-US&gl=us&fo_m=MfohQo559jFvMUOzJVpjPL1YMfZ3bInYwBDuMfaXTPp5KXh-&utm_source=tactile&gei=UrO3ZrvQLcDLkPIPwZrA0AM&ei=UrO3ZrvQLcDLkPIPwZrA0AM&fo_s=OA,SOE&opi=79508299&foub=mcpp","1797","false","19.2583005","72.8528512","Shiva Shakti Nagar, Anand Park, Dahisar West","Monday","9 AM to 12 AM","Tuesday","9 AM to 12 AM","Wednesday","9 AM to 12 AM","Thursday","9 AM to 12 AM","Friday","9 AM to 12 AM","Saturday","9 AM to 12 AM","Sunday","9 AM to 12 AM","false","+91 89283 04107","+918928304107","ChIJeZo5oP2w5zsRNkTx07gO-7M","400068","$$","6",,"8052","2024-08-10T18:37:07.801Z","https://www.google.com/maps/search/mc%20donalds/@19.22723732328728,72.82760116556834,15z?hl=en","mc donalds","Maharashtra","UN 1, Jayaram Heights, Gagangiri Cplx, A Wing, New Link Rd","मॅकडोनाल्ड्स","false","McDonald's","4.2","https://www.google.com/maps/search/?api=1&query=McDonald's&query_place_id=ChIJeZo5oP2w5zsRNkTx07gO-7M","https://mcdelivery.co.in/restaurants/mumbai/90/order-food-online-in-McDonalds-dahisarlinkroad-kandarpadadahisarlinkroad"
"true",,,,"true",,,,,"true",,,,,"true","true","true",,,"true",,,,,"true",,,"true","true",,"true",,"true",,,"true",,,,,"true",,,,"true",,,,,,"true",,,,,,"true",,,,,,,,"true",,,,,,,,,,,,,,,,,,,,,,,,,"true","true","true","true",,,"true",,,"true",,,,,,,"true","true",,,,,,,,,,"UN 314 to 316, 3rd Floor, Infinity Mall, Malad West, Mumbai, Maharashtra 400064, India","Fast food restaurant","Breakfast restaurant","Coffee shop","Dessert shop","Family restaurant","Delivery Restaurant","Restaurant","Fast food restaurant","15665319260189157028","Mumbai","false","IN","Classic, long-running fast-food chain known for its burgers & fries.","0x3be7b6edfb9e8c03:0xd96664de64a8e6a4","https://food.google.com/chooseprovider?restaurantId=/g/11c6_c80yq&g2lbs=AOHF13m9l4TA9go3obPSL2f95ZAYXppQWVOQpOmfZZ92SjWqfaWzIIQoKo5JIReebS3MV9dSE3QUYEK_ldxfdEpiRrcIWQE3tTFpDlCHCepxXXfAxPJFjwQ%3D&hl=en-US&gl=us&fo_m=MfohQo559jFvMUOzJVpjPL1YMfZ3bInYwBDuMfaXTPp5KXh-&utm_source=tactile&gei=UrO3ZpPOEbamptQP4b6c0QI&ei=UrO3ZpPOEbamptQP4b6c0QI&fo_s=OA,SOE&opi=79508299&foub=mcpp","163","false","19.1848174","72.8334836","Malad, Mindspace, Malad West","Monday","11 AM to 11 PM","Tuesday","11 AM to 11 PM","Wednesday","11 AM to 11 PM","Thursday","11 AM to 11 PM","Friday","11 AM to 11 PM","Saturday","11 AM to 11 PM","Sunday","11 AM to 11 PM","false","+91 89283 04126","+918928304126","ChIJA4ye--225zsRpOaoZN5kZtk","400064","$$","11",,"1297","2024-08-10T18:37:07.115Z","https://www.google.com/maps/search/mc%20donalds/@19.162346668492933,72.79330810928057,15z?hl=en","mc donalds","Maharashtra","UN 314 to 316, 3rd Floor, Infinity Mall","मॅकडोनल्ड्स","false","McDonald's","4.2","https://www.google.com/maps/search/?api=1&query=McDonald's&query_place_id=ChIJA4ye--225zsRpOaoZN5kZtk","https://www.mcdelivery.co.in/home"
"false",,,,"false",,,,,,"false",,,,"true","true","true","true",,,"true",,"true",,"true",,,"true","true",,"true",,"true",,,"true",,,"true",,"true",,,,"true",,,,"true",,,,,,"true",,,,,,,,"true",,,,,,"true",,,"true",,,,,,,,,,,,,,,,,,"true","true","true","true",,,"true",,,"true",,,,,,"true",,,,,"true","true",,,,,,"Metro House, Colaba Causeway, Apollo Bandar, Colaba, Mumbai, Maharashtra 400001, India","Fast food restaurant","Breakfast restaurant","Coffee shop","Dessert shop","Family restaurant","Delivery Restaurant","Restaurant","Fast food restaurant","9634967264877370980","Mumbai","false","IN","Classic, long-running fast-food chain known for its burgers & fries.","0x3be7d1c11689ed5b:0x85b647addd885e64","https://food.google.com/chooseprovider?restaurantId=/g/1thtn1sz&g2lbs=AOHF13kqIuROmaMGE4LW4jdsQKEZzoAP78t0OpBGliYd6MqLYPNf0v8BEUdWISFfvUCVTolJvSZszabkqTi34cj4rTxozvWHI7GnKmyblPJ5RwOtCD04viA%3D&hl=en-US&gl=us&fo_m=MfohQo559jFvMUOzJVpjPL1YMfZ3bInYwBDuMfaXTPp5KXh-&utm_source=tactile&gei=UrO3ZribMrPu0PEPyuWA-QE&ei=UrO3ZribMrPu0PEPyuWA-QE&fo_s=OA,SOE&opi=79508299&foub=mcpp","1611","false","18.9236268","72.8320018","Apollo Bandar, Colaba","Monday","10 AM to 10 PM","Tuesday","10 AM to 10 PM","Wednesday","10 AM to 10 PM","Thursday","10 AM to 10 PM","Friday","10 AM to 10 PM","Saturday","10 AM to 10 PM","Sunday","10 AM to 10 PM","false","+91 89283 04018","+918928304018","ChIJW-2JFsHR5zsRZF6I3a1HtoU","400001","$$","2",,"9410","2024-08-10T18:37:08.006Z","https://www.google.com/maps/search/mc%20donalds/@18.93522937671272,72.82760116556834,15z?hl=en","mc donalds","Maharashtra","Metro House, Colaba Causeway","मैकडॉनल्ड्स","false","McDonald's.","4.2","https://www.google.com/maps/search/?api=1&query=McDonald's.&query_place_id=ChIJW-2JFsHR5zsRZF6I3a1HtoU","https://mcdelivery.co.in/restaurants/mumbai/10/order-food-online-in-McDonalds-colaba-colaba"
"true",,,,"true",,,,,"true",,,,"true","true","true","true","true",,,,"true",,"true",,"true",,"true","true",,"true","true",,,"true",,,"true",,"true","true",,,,"true",,,,,"true",,,,,,"true",,,,,,,,,"true",,,,,,,,,,,,,,,,,,"true",,,,,,,"true","true","true","true",,,,"true",,,,,"true","true",,,,,,,"true","true",,,,,,"3rd Floor, Food Court, Oberoi Mall, Off, Western Express Hwy, Gokuldham Colony, Goregaon, Mumbai, Maharashtra 400063, India","Fast food restaurant","Breakfast restaurant","Coffee shop","Dessert shop","Family restaurant","Delivery Restaurant","Restaurant","Fast food restaurant","14741140336513580864","Mumbai","false","IN","Classic, long-running fast-food chain known for its burgers & fries.","0x3be7b7a9b477f475:0xcc930d08be12ff40","https://food.google.com/chooseprovider?restaurantId=/g/119tgd37q&g2lbs=AOHF13nD711FjHHje6CRuxXrdrGBSYYrxge1VTKLoGRO6fg-oLLUStNEJXE_Wq0YPjArGiCyqcE78sD4g4q0jK_F0C-ivoTSH15Bm-ZLRg5servwCsm4gIg%3D&hl=en-US&gl=us&fo_m=MfohQo559jFvMUOzJVpjPL1YMfZ3bInYwBDuMfaXTPp5KXh-&utm_source=tactile&gei=UrO3ZoDpLO-6kPIPmOqs4Aw&ei=UrO3ZoDpLO-6kPIPmOqs4Aw&fo_s=OA,SOE&opi=79508299&foub=mcpp","246","false","19.173808","72.8605943","Gokuldham Colony, Goregaon","Monday","10 AM to 11 PM","Tuesday","10 AM to 11 PM","Wednesday","10 AM to 11 PM","Thursday","10 AM to 11 PM","Friday","10 AM to 11 PM","Saturday","10 AM to 11 PM","Sunday","10 AM to 11 PM","false","+91 89283 04075","+918928304075","ChIJdfR3tKm35zsRQP8SvggNk8w","400063","$$","14",,"3436","2024-08-10T18:37:07.787Z","https://www.google.com/maps/search/mc%20donalds/@19.162346668492933,72.82760116556834,15z?hl=en","mc donalds","Maharashtra","3rd Floor, Food Court, Oberoi Mall, Off, Western Express Hwy","मॅकडोनाल्ड्स","false","McDonald's","4.1","https://www.google.com/maps/search/?api=1&query=McDonald's&query_place_id=ChIJdfR3tKm35zsRQP8SvggNk8w","https://www.mcdelivery.co.in/home"
,"true",,"false",,,,,,,"false",,,,"true","true","true","true",,,"true",,"true",,"true",,,"true","true",,"true",,"true",,,"true",,,"true",,"true",,"true",,,"true",,,,,,"true",,,,,,,,"true",,,,,,,"true",,,,"true",,,"true",,,"true",,"true",,"true",,,,"true",,,,,"true","true","true","true",,,,"true",,,,,"true","true",,,,,,"true",,,,"true","true",,,"Shop No 101, 1st Floor Hill Road, Bandra West Next to St Stanislaus School, Mumbai, Maharashtra 400050, India","Fast food restaurant","Breakfast restaurant","Coffee shop","Dessert shop","Family restaurant","Delivery Restaurant","Restaurant","Fast food restaurant","12407710842082301154","Mumbai","false","IN","Classic, long-running fast-food chain known for its burgers & fries.","0x3be7c93f819e7201:0xac310b45a21414e2","https://food.google.com/chooseprovider?restaurantId=/g/11bxfrns1g&g2lbs=AOHF13mQG8fofYtz0lcbPRwvIB_ER4rvbLaNVy7YSZgbgkjNpqQfr1imYjGSMLYhiCtksPgaL77Z-mL44b7DuCXudaaTVnQ47defZmzvNDTE5GrWsLPdYQ0%3D&hl=en-US&gl=us&fo_m=MfohQo559jFvMUOzJVpjPL1YMfZ3bInYwBDuMfaXTPp5KXh-&utm_source=tactile&gei=UrO3ZpPOEbamptQP4b6c0QI&ei=UrO3ZpPOEbamptQP4b6c0QI&fo_s=OA,SOE&opi=79508299&foub=mcpp","1492","false","19.0544927","72.8282019","Ranwar, Bandra West","Monday","9 AM to 1 AM","Tuesday","9 AM to 1 AM","Wednesday","9 AM to 1 AM","Thursday","9 AM to 1 AM","Friday","9 AM to 1 AM","Saturday","9 AM to 1 AM","Sunday","9 AM to 1 AM","false","+91 89283 04215","+918928304215","ChIJAXKegT_J5zsR4hQUokULMaw","400050","$$","18",,"6585","2024-08-10T18:37:07.115Z","https://www.google.com/maps/search/mc%20donalds/@19.162346668492933,72.79330810928057,15z?hl=en","mc donalds","Maharashtra","Shop No 101, 1st Floor Hill Road, Bandra West Next to St Stanislaus School","मॅकडोनल्ड्स","false","McDonald's","4.3","https://www.google.com/maps/search/?api=1&query=McDonald's&query_place_id=ChIJAXKegT_J5zsR4hQUokULMaw","https://mcdelivery.co.in/restaurants/mumbai/240/order-food-online-in-McDonalds-hillroadntsbandra-hillroadbandra"
"true",,,,"true",,,,,"true",,,,"true","true","true","true","true",,,"true",,"true",,"true",,,"true","true",,"true",,"true",,,"true",,,"true",,"true",,"true",,,,"true",,,,,,,,"true",,,,,,,,"true",,,,,,"true",,,"true",,,,,,,,,,,"true",,,,"true",,,"true","true","true",,,,,"true",,,,,"true","true",,,,,"true",,,,"true",,,"true","true","Growel 101 Mall, G 01 & G 01A, Akurli Rd, Mumbai, Maharashtra 400104, India","Fast food restaurant","Breakfast restaurant","Coffee shop","Dessert shop","Family restaurant","Delivery Restaurant","Restaurant","Fast food restaurant","15546316111519025472","Mumbai","false","IN","Classic, long-running fast-food chain known for its burgers & fries.","0x3be7b7239d40af83:0xd7bf9c22b1060940","https://food.google.com/chooseprovider?restaurantId=/g/1tds54vg&g2lbs=AOHF13lCNHuxPXbaAMqJbLDb6W3bP7yx8urP3LQXncJkma8H26Ig5s_-0IXJ8R8ZAOLuXBlRI__Va9Ce_iDxNl-06t37ieWJ3WFUjeMfXbeukb6q0B4kW-Y%3D&hl=en-US&gl=us&fo_m=MfohQo559jFvMUOzJVpjPL1YMfZ3bInYwBDuMfaXTPp5KXh-&utm_source=tactile&gei=UrO3ZrvQLcDLkPIPwZrA0AM&ei=UrO3ZrvQLcDLkPIPwZrA0AM&fo_s=OA,SOE&opi=79508299&foub=mcpp","522","false","19.2033866","72.8603393","Kandivali, Akurli Industry Estate, Kandivali East","Monday","9 AM to 11 PM","Tuesday","9 AM to 11 PM","Wednesday","9 AM to 11 PM","Thursday","9 AM to 11 PM","Friday","9 AM to 11 PM","Saturday","9 AM to 11 PM","Sunday","9 AM to 11 PM","false","+91 89283 04099","+918928304099","ChIJg69AnSO35zsRQAkGsSKcv9c","400104","$$","7",,"5308","2024-08-10T18:37:07.801Z","https://www.google.com/maps/search/mc%20donalds/@19.22723732328728,72.82760116556834,15z?hl=en","mc donalds","Maharashtra","Growel 101 Mall, G 01 & G 01A, Akurli Rd","मॅकडोनाल्ड्स","false","McDonald's","4.2","https://www.google.com/maps/search/?api=1&query=McDonald's&query_place_id=ChIJg69AnSO35zsRQAkGsSKcv9c","https://mcdelivery.co.in/restaurants/mumbai/78/order-food-online-in-McDonalds-growellmall-akurliroadkandivalieast"
,,"true",,,,,,,,,,,,"true","true","true","true",,,"true",,"true",,"true",,,"true","true","true",,,,"true",,,"true",,,,"true",,,,"true",,,,,"true",,,,,,"true",,,,,,,,"true",,,,,,"true",,,,,,,,,,,,,,,,,,,,"true","true","true","true",,,"true",,,"true",,,,,,,"true","true",,,,,,,,,,"Shireen Mansion, Shop No 1, Ground Flr, Gazder Road, Mumbai, Maharashtra 400058, India","Fast food restaurant","Breakfast restaurant","Family restaurant","Delivery Restaurant","Restaurant",,,"Fast food restaurant","13982658836435672344","Mumbai","false","IN","Classic, long-running fast-food chain known for its burgers & fries.","0x3be7c9d3ddddfb47:0xc20c6220e1399d18","https://food.google.com/chooseprovider?restaurantId=/g/11c6v4t9pj&g2lbs=AOHF13kk_tyxvUTf99m-YsscwZOBj5BzxPcoYHDpDZuHQNAr-Mq3Tp4R3qD_Ufa5u5WO8QwwjyFzaMqEhhFPqGxGauhljI8EA_Nr4FLTRJTci-5KXiTlZfI%3D&hl=en-US&gl=us&fo_m=MfohQo559jFvMUOzJVpjPL1YMfZ3bInYwBDuMfaXTPp5KXh-&utm_source=tactile&gei=UrO3ZtCxIOTdptQPqs_NuQw&ei=UrO3ZtCxIOTdptQPqs_NuQw&fo_s=OA,SOE&opi=79508299&foub=mcpp","84","false","19.1197886","72.8461702","Railway Colony, Andheri East","Monday","9 AM to 12 AM","Tuesday","9 AM to 12 AM","Wednesday","9 AM to 12 AM","Thursday","9 AM to 12 AM","Friday","9 AM to 12 AM","Saturday","9 AM to 12 AM","Sunday","9 AM to 12 AM","false","+91 89282 10135","+918928210135","ChIJR_vd3dPJ5zsRGJ054SBiDMI","400058","$$","8",,"1307","2024-08-10T18:37:07.764Z","https://www.google.com/maps/search/mc%20donalds/@19.097456013698586,72.82760116556834,15z?hl=en","mc donalds","Maharashtra","Shireen Mansion, Shop No 1, Ground Flr, Gazder Road","मैकडॉनल्ड्स","false","McDonald's","4.6","https://www.google.com/maps/search/?api=1&query=McDonald's&query_place_id=ChIJR_vd3dPJ5zsRGJ054SBiDMI","https://www.mcdelivery.co.in/home"
"true",,,,"true",,,,,"true",,,,"true","true","true","true","true",,,"true",,"true",,"true",,,"true","true",,"true",,"true",,,"true",,,"true",,"true",,,,"true",,,,"true",,,,,,"true",,,,,,,,"true",,,,,,,"true",,,,,,,,,,,,,"true",,,,,,,"true","true","true","true",,,,"true",,,,,"true","true",,,,,,"true",,,,"true","true",,,"Unit no G- 57C, Ground R, City Mall, Lal Bahadur Shastri Marg, Amrut Nagar, Ghatkopar West, Mumbai, Maharashtra 400086, India","Fast food restaurant","Breakfast restaurant","Coffee shop","Dessert shop","Family restaurant","Delivery Restaurant","Restaurant","Fast food restaurant","12457687422991278724","Mumbai","false","IN","Classic, long-running fast-food chain known for its burgers & fries.","0x3be7c736553deda5:0xace298b5223f2284",,"886","false","19.1005904","72.9163713","Amrut Nagar, Ghatkopar West","Monday","10 AM to 11 PM","Tuesday","10 AM to 11 PM","Wednesday","10 AM to 11 PM","Thursday","10 AM to 11 PM","Friday","10 AM to 11 PM","Saturday","10 AM to 11 PM","Sunday","10 AM to 11 PM","false","+91 89282 12201","+918928212201","ChIJpe09VTbH5zsRhCI_IrWY4qw","400086","$$","11","https://www.google.com/viewer/chooseprovider?mid=/g/11b63628d2&g2lbs=AOHF13lAf7RRaM-OVmV5jHwIfdJBpwQEzZYlGk_vmfLeM0np3iJnomPhWYQaDe253j8fpyhJBZ6rz5t8MzZVM-Hfm4UaFxEXHRnLg-wAvzCcOjgioiZDB6E%3D&hl=en-US&gl=us&fo_m=MfohQo559jFvMUOzJVpjPL1YMfZ3bInYwBDuMfaXTPp5KXh-&utm_source=tactile&gei=UrO3ZsmyMau00PEPgtP1sA8&ei=UrO3ZsmyMau00PEPgtP1sA8&fo_s=OA,SOE&opi=79508299&ebb=1&cs=0&foub=mcpp","5534","2024-08-10T18:37:08.045Z","https://www.google.com/maps/search/mc%20donalds/@19.12990134109576,72.93048033443164,15z?hl=en","mc donalds","Maharashtra","Unit no G- 57C, Ground R, City Mall, Lal Bahadur Shastri Marg","मैकडोनाल्ड्स","false","McDonald's","4.3","https://www.google.com/maps/search/?api=1&query=McDonald's&query_place_id=ChIJpe09VTbH5zsRhCI_IrWY4qw","https://www.mcdelivery.co.in/home"
,,,,,,,,,,,,,,"true","true","true","true",,,"true",,"true",,"true",,,"true","true",,"true",,"true",,,"true",,,"true",,,,"true",,,,"true",,,,,,,,"true",,,,,,,,,,,,,,,,,,,,,,,,,,,"true",,,,,,,,"true","true","true","true",,,"true",,,"true",,,,,"true",,,,,,"true","true",,,,,,"Sanskruti Splendour, Hardcastle Restaurants Pvt Ltd Family Restaurants, Shiv Vallabh Rd, Dahisar East, Mumbai, Maharashtra 400068, India","Fast food restaurant","Breakfast restaurant","Coffee shop","Dessert shop","Family restaurant","Delivery Restaurant","Restaurant","Fast food restaurant","17136592808719395596","Mumbai","false","IN","Classic, long-running fast-food chain known for its burgers & fries.","0x3be7b1382aa7a7c1:0xedd1685db03bab0c","https://food.google.com/chooseprovider?restaurantId=/g/11fnsl_mxr&g2lbs=AOHF13lQt6nJtmY4r4xxpV9An_W42KOSqSx1rrxgI5cduYYAFLerepr6NEWLuPPPR308wuSL3qeAzjeCPdFQwR0VhdVg7inC-6sA0KBU_lZUZMugJUGIDdA%3D&hl=en-US&gl=us&fo_m=MfohQo559jFvMUOzJVpjPL1YMfZ3bInYwBDuMfaXTPp5KXh-&utm_source=tactile&gei=UrO3ZrvQLcDLkPIPwZrA0AM&ei=UrO3ZrvQLcDLkPIPwZrA0AM&fo_s=OA,SOE&opi=79508299&foub=mcpp","337","false","19.244268","72.8650523","Ashok Van, Dahisar East","Monday","9 AM to 12 AM","Tuesday","9 AM to 12 AM","Wednesday","9 AM to 12 AM","Thursday","9 AM to 12 AM","Friday","9 AM to 12 AM","Saturday","9 AM to 12 AM","Sunday","9 AM to 12 AM","false","+91 93219 30361","+919321930361","ChIJwaenKjix5zsRDKs7sF1o0e0","400068","$$","8",,"1966","2024-08-10T18:37:07.801Z","https://www.google.com/maps/search/mc%20donalds/@19.22723732328728,72.82760116556834,15z?hl=en","mc donalds","Maharashtra","Sanskruti Splendour, Hardcastle Restaurants Pvt Ltd Family Restaurants, Shiv Vallabh Rd","मॅकडोनाल्ड्स","false","McDonald's","4.5","https://www.google.com/maps/search/?api=1&query=McDonald's&query_place_id=ChIJwaenKjix5zsRDKs7sF1o0e0","https://mcdelivery.co.in/restaurants/mumbai/384/order-food-online-in-McDonalds-borivalisanskrutisplendor-borivalieast"
,,"true","false",,,,,"false",,,,,"false","true","true","true","true",,,"true",,"true","true",,"true","true","true","true",,"true",,"true",,,"true",,,"true",,"true",,,,"true",,,"true",,,,,,,"true",,,,,,,,"true",,,,,,,,,,,,,,,,,,,,,,,,,,,"true","true","true","true",,,"true",,,"true",,,,,,"true",,,,,"true","true",,,,,,"Shop No 532, Kadamba Kudpi House Linking Road, Linking Rd, Mumbai, Maharashtra 400052, India","Fast food restaurant","Breakfast restaurant","Coffee shop","Dessert shop","Family restaurant","Delivery Restaurant","Restaurant","Fast food restaurant","14679910812363986669","Mumbai","false","IN","Classic, long-running fast-food chain known for its burgers & fries.","0x3be7b7b5cbfd45b7:0xcbb9851b395f16ed","https://food.google.com/chooseprovider?restaurantId=/g/1tf2w81y&g2lbs=AOHF13lq2tCg_N-paEXOE1tYexJz4rWp50AAdDdxAmIDybXEcv80ZH1LX_wegdMFyykmha6zWyug46SQtVR2BFpBYupexd65B3sZ4ggAN-4fzJhHTZePubA%3D&hl=en-US&gl=us&fo_m=MfohQo559jFvMUOzJVpjPL1YMfZ3bInYwBDuMfaXTPp5KXh-&utm_source=tactile&gei=UrO3ZtCxIOTdptQPqs_NuQw&ei=UrO3ZtCxIOTdptQPqs_NuQw&fo_s=OA,SOE&opi=79508299&foub=mcpp","1485","false","19.0659796","72.8345151","Khar, Khar West","Monday","9 AM to 12 AM","Tuesday","9 AM to 12 AM","Wednesday","9 AM to 12 AM","Thursday","9 AM to 12 AM","Friday","9 AM to 12 AM","Saturday","9 AM to 12 AM","Sunday","9 AM to 12 AM","false","+91 89283 04001","+918928304001","ChIJt0X9y7W35zsR7RZfORuFucs","400052","$$","15",,"8144","2024-08-10T18:37:07.765Z","https://www.google.com/maps/search/mc%20donalds/@19.097456013698586,72.82760116556834,15z?hl=en","mc donalds","Maharashtra","Shop No 532, Kadamba Kudpi House Linking Road, Linking Rd","मॅकडोनाल्ड्स","false","McDonald's","4.1","https://www.google.com/maps/search/?api=1&query=McDonald's&query_place_id=ChIJt0X9y7W35zsR7RZfORuFucs","https://mcdelivery.co.in/restaurants/mumbai/1/order-food-online-in-McDonalds-bandra-bandra-w-linkingroad"
,,"true",,,,,,,,,,,,"true","true","true",,,"true",,,,,"true",,,"true","true",,"true",,"true",,,"true",,,,,,,,,"true",,,,,,,,,,,,,,,,,,,,,,,,,,,,,,,,,,,,"true",,,,,,,,,"true","true","true",,,,"true",,,"true",,,,,"true",,,,,,"true","true",,,,,,"Level P10, Chhatrapati Shivaji Maharaj International Airport, Terminal 2, Chatrapati Shivaji International Airport, Navpada, Vile Parle East, Vile Parle, Mumbai, Maharashtra 400099, India","Fast food restaurant",,,,,,,"Fast food restaurant","8732742055757683256","Mumbai","false","IN","Classic, long-running fast-food chain known for its burgers & fries.","0x3be7c9ef1cb6478d:0x7930eea1b48d1a38",,"60","false","19.1006097","72.87535","Navpada, Vile Parle East, Vile Parle","Monday","Open 24 hours","Tuesday","Open 24 hours","Wednesday","Open 24 hours","Thursday","Open 24 hours","Friday","Open 24 hours","Saturday","Open 24 hours","Sunday","Open 24 hours","false","+91 74000 60926","+917400060926","ChIJjUe2HO_J5zsROBqNtKHuMHk","400099","$$","16","https://www.google.com/viewer/chooseprovider?mid=/g/11y1fstsq0&g2lbs=AOHF13naLdh5Tj2qT3nW3g4xuRkoBU5WAOB7imYyXFv8-LMM4ICR_Q_zz2HI-Kxd5Ml-k7q6MmHewY_s7ljZEc3iV6ca-c8FxmJwfv7VHzJUurl2Br76Aok%3D&hl=en-US&gl=us&fo_m=MfohQo559jFvMUOzJVpjPL1YMfZ3bInYwBDuMfaXTPp5KXh-&utm_source=tactile&gei=UrO3ZsmyMau00PEPgtP1sA8&ei=UrO3ZsmyMau00PEPgtP1sA8&fo_s=OA,SOE&opi=79508299&ebb=1&cs=0&foub=mcpp","333","2024-08-10T18:37:08.046Z","https://www.google.com/maps/search/mc%20donalds/@19.12990134109576,72.93048033443164,15z?hl=en","mc donalds","Maharashtra","Level P10, Chhatrapati Shivaji Maharaj International Airport, Terminal 2, Chatrapati Shivaji International Airport","मैकडॉनल्ड्स","false","McDonald's Level 10 Terminal 2","4.8","https://www.google.com/maps/search/?api=1&query=McDonald's%20Level%2010%20Terminal%202&query_place_id=ChIJjUe2HO_J5zsROBqNtKHuMHk","https://www.mcdelivery.co.in/?utm_source=gmb&utm_medium=google&utm_campaign=googleplace"
,,"true",,,,"true","false",,,,,"false",,"true","true","true","true",,,"true",,"true",,"true",,,"true","true",,"true",,"true",,,"true",,,"true",,"true",,,,"true",,,,,"true",,,,,,"true",,,,,,,,,"true",,,,,,,,,,,,,,,,,"true",,,,,,,,"true","true","true","true",,,,"true",,,,,"true","true",,,,,,"true",,,,"true","true",,,"1st Floor, Thakur Cinema Mall, Thakur Village, Mumbai, Maharashtra 400101, India","Fast food restaurant","Breakfast restaurant","Coffee shop","Dessert shop","Family restaurant","Delivery Restaurant","Restaurant","Fast food restaurant","15973957463400988815","Mumbai","false","IN","Classic, long-running fast-food chain known for its burgers & fries.","0x3be7b7384e3fcd55:0xddaee5ade737408f","https://food.google.com/chooseprovider?restaurantId=/g/11csrmmzzx&g2lbs=AOHF13nk8kGBhCZD1H7mFZqvHJpY2hvzQzeUejyt0u08wygSzn4rGmg3EY4E2BemFqbJRUHKmZpUR03eLx05FOPPYoabce0NLesfUcwzXGQ97TTvstE8l_U%3D&hl=en-US&gl=us&fo_m=MfohQo559jFvMUOzJVpjPL1YMfZ3bInYwBDuMfaXTPp5KXh-&utm_source=tactile&gei=UrO3ZrvQLcDLkPIPwZrA0AM&ei=UrO3ZrvQLcDLkPIPwZrA0AM&fo_s=OA,SOE&opi=79508299&foub=mcpp","601","false","19.208969","72.8726895","Kandivali, Kanakiya, Thakur Village, Kandivali East","Monday","8 AM to 12 AM","Tuesday","8 AM to 12 AM","Wednesday","8 AM to 12 AM","Thursday","8 AM to 12 AM","Friday","8 AM to 12 AM","Saturday","8 AM to 12 AM","Sunday","8 AM to 12 AM","false","+91 89282 10153","+918928210153","ChIJVc0_Tji35zsRj0A3563lrt0","400101","$$","13",,"6392","2024-08-10T18:37:07.801Z","https://www.google.com/maps/search/mc%20donalds/@19.22723732328728,72.82760116556834,15z?hl=en","mc donalds","Maharashtra","1st Floor, Thakur Cinema Mall","मॅकडोनाल्ड्स","false","McDonald's","4.2","https://www.google.com/maps/search/?api=1&query=McDonald's&query_place_id=ChIJVc0_Tji35zsRj0A3563lrt0","https://mcdelivery.co.in/restaurants/mumbai/101/order-food-online-in-McDonalds-thakurcinemacascade-kandivalithakurvillage"
"true",,,,,,,,,,,,,,"true","true","true","true",,,"true",,"true",,"true",,,"true","true",,"true",,"true",,,"true",,,"true",,,,"true",,,,"true",,,,,,,,"true",,,,,,,,,"true",,,,,,"true",,,,,,,,,,,"true",,,,,,"true",,,"true","true","true","true",,,"true",,,"true",,,,,,,"true","true",,,,,,,,,,"Shop No 26, Khetan Bhavan, Jamshedji Tata Road, Churchgate, Mumbai, Maharashtra 400020, India","Fast food restaurant","Breakfast restaurant","Coffee shop","Dessert shop","Family restaurant","Delivery Restaurant","Restaurant","Fast food restaurant","14470116004611232378","Mumbai","false","IN","Classic, long-running fast-food chain known for its burgers & fries.","0x3be7d1f72153cbdb:0xc8d02dd7198c127a","https://food.google.com/chooseprovider?restaurantId=/g/11hyzwq088&g2lbs=AOHF13k-cZRb4jjLvY2V254rxhVksc2iZTpso0ejfnJhm6rJJMGhbFGsdp0jn6fGQRq7pGKsQwIvKtYU5ECFLTT6CI-Xu6quZ918Nmu0Ws1AprAJTfro_XY%3D&hl=en-US&gl=us&fo_m=MfohQo559jFvMUOzJVpjPL1YMfZ3bInYwBDuMfaXTPp5KXh-&utm_source=tactile&gei=UrO3ZribMrPu0PEPyuWA-QE&ei=UrO3ZribMrPu0PEPyuWA-QE&fo_s=OA,SOE&opi=79508299&foub=mcpp","521","false","18.9316429","72.826745","Churchgate","Monday","10 AM to 12 AM","Tuesday","10 AM to 12 AM","Wednesday","10 AM to 12 AM","Thursday","10 AM to 12 AM","Friday","10 AM to 12 AM","Saturday","10 AM to 12 AM","Sunday","10 AM to 12 AM","false","+91 93249 14345","+919324914345","ChIJ28tTIffR5zsRehKMGdct0Mg","400020","$$","3",,"2950","2024-08-10T18:37:08.006Z","https://www.google.com/maps/search/mc%20donalds/@18.93522937671272,72.82760116556834,15z?hl=en","mc donalds","Maharashtra","Shop No 26, Khetan Bhavan, Jamshedji Tata Road","मॅकडोनाल्ड्स","false","McDonald's","4.4","https://www.google.com/maps/search/?api=1&query=McDonald's&query_place_id=ChIJ28tTIffR5zsRehKMGdct0Mg","https://mcdelivery.co.in/restaurants/mumbai/343/order-food-online-in-McDonalds-churchgatekhetanbhavan-churchgate"
,,,,,,,,,,,,,,,"true","true",,,"true",,,,,"true",,,"true","true",,"true",,"true",,,"true",,,,,,,,,"true",,,,,,,,,,,,,,,,,,,,,,,,,,,,,,,,,,,,,,,,,,,,,"true","true","true",,,,"true",,,"true",,,,,,,"true","true",,,,,,,,,,"Silver Group, Suren Rd, Chakala, Andheri East, Mumbai, Maharashtra 400053, India","Fast food restaurant",,,,,,,"Fast food restaurant","15832668272235795257","Mumbai","false","IN","Classic, long-running fast-food chain known for its burgers & fries.","0x3be7c90072da84f9:0xdbb8efe895365339",,"4","false","19.1161857","72.8562488","Chakala, Andheri East","Monday","7 AM to 11 PM","Tuesday","7 AM to 11 PM","Wednesday","7 AM to 11 PM","Thursday","7 AM to 11 PM","Friday","7 AM to 11 PM","Saturday","7 AM to 11 PM","Sunday","7 AM to 11 PM","false",,,"ChIJ-YTacgDJ5zsROVM2lejvuNs","400053","$$","16",,"44","2024-08-10T18:37:07.765Z","https://www.google.com/maps/search/mc%20donalds/@19.097456013698586,72.82760116556834,15z?hl=en","mc donalds","Maharashtra","Silver Group, Suren Rd","मैकडॉनल्ड्स","false","McDonald's","4.6","https://www.google.com/maps/search/?api=1&query=McDonald's&query_place_id=ChIJ-YTacgDJ5zsROVM2lejvuNs","https://www.mcdelivery.co.in/"
"true",,,,"true",,,,,"true",,,,"true","true","true","true","true",,,,"true",,,"true",,,"true","true",,"true",,"true",,,"true",,,"true",,"true",,,,"true",,,,"true",,,,,,,"true",,,,,,,,,"true",,,,,,,,,,,,,,,,,,"true",,,,,,,"true","true","true",,,,,"true",,,,,"true","true",,,,,,,"true","true",,,,,,"Lal Bahadur Shastri Marg, कमानी, Kurla West, Kurla, Mumbai, Maharashtra 400070, India","Fast food restaurant","Breakfast restaurant","Coffee shop","Dessert shop","Family restaurant","Delivery Restaurant","Restaurant","Fast food restaurant","9259602182024152638","Mumbai","false","IN","Classic, long-running fast-food chain known for its burgers & fries.","0x3be7c88bf7fd83e1:0x8080b72004fb463e","https://food.google.com/chooseprovider?restaurantId=/g/119v5zwjd&g2lbs=AOHF13kz8uRbwaN_3VIpPRhPyujGZUjf9H1YQR-L5_zwQsXNmRNCmbWUqq1KFwAK8Mk4a3O_Ix8co9UiI9orEblFHKLnYZJFBuF04yzRFhoeQSYuHv9ue_Y%3D&hl=en-US&gl=us&fo_m=MfohQo559jFvMUOzJVpjPL1YMfZ3bInYwBDuMfaXTPp5KXh-&utm_source=tactile&gei=UrO3ZpHPIOj_ptQP4JzwiQI&ei=UrO3ZpHPIOj_ptQP4JzwiQI&fo_s=OA,SOE&opi=79508299&foub=mcpp","319","false","19.0867121","72.8901456","कमानी, Kurla West, Kurla","Monday","11 AM to 11 PM","Tuesday","11 AM to 11 PM","Wednesday","11 AM to 11 PM","Thursday","11 AM to 11 PM","Friday","11 AM to 11 PM","Saturday","11 AM to 11 PM","Sunday","11 AM to 11 PM","false","+91 89283 04142","+918928304142","ChIJ4YP994vI5zsRPkb7BCC3gIA","400070","$$","11",,"2383","2024-08-10T18:37:07.695Z","https://www.google.com/maps/search/mc%20donalds/@19.065010686301413,72.89618727814387,15z?hl=en","mc donalds","Maharashtra","Lal Bahadur Shastri Marg","मॅकडोनाल्ड्स","false","McDonald's","4.3","https://www.google.com/maps/search/?api=1&query=McDonald's&query_place_id=ChIJ4YP994vI5zsRPkb7BCC3gIA","https://www.mcdelivery.co.in/home"
,,"true",,,,,,,,,,,,"true","true","true","true",,,"true",,"true",,"true",,,"true","true",,"true",,"true",,,"true",,,"true",,,,"true",,,,"true",,,,,,"true",,,,,,,,,"true",,,,,,,"true",,,"true",,,,,,,,,"true",,,,,,,,,"true","true","true",,,,"true",,,"true",,,,,,,"true","true",,,,,,,,,,"McDonalds Family Restaurants, Bhendi-Bazaar-Saifee Ground Floor, Saifee Cluster, Shop G27/G28/F21, AL-SA'ADAH Building Ibrahim Rehamatullah Road, Mohammed Ali Rd, near Shalimar Restaurant, Ajmer, Bhendi Bazaar, Kumbharwada, Mumbai, Maharashtra 400003, India","Fast food restaurant","Breakfast restaurant","Coffee shop","Dessert shop","Family restaurant","Delivery Restaurant","Restaurant","Fast food restaurant","3773332785482004257","Mumbai","false","IN","Classic, long-running fast-food chain known for its burgers & fries.","0x3be7cfd2e7954d4b:0x345d922d29fd7721","https://food.google.com/chooseprovider?restaurantId=/g/11h_wxhvsx&g2lbs=AOHF13k7KJXr8wpl3rnBqVsWDac-xkNaiw4ay5kTMBIqBrXblGg8ffnOzDaXw0-NRgZj2UMVNYntnO-fNBdVA5bw767fW-1MfMOTDU-5r82bT8DnXifqYZU%3D&hl=en-US&gl=us&fo_m=MfohQo559jFvMUOzJVpjPL1YMfZ3bInYwBDuMfaXTPp5KXh-&utm_source=tactile&gei=UrO3ZribMrPu0PEPyuWA-QE&ei=UrO3ZribMrPu0PEPyuWA-QE&fo_s=OA,SOE&opi=79508299&foub=mcpp","398","false","18.9595888","72.8316318","Ajmer, Bhendi Bazaar, Kumbharwada","Monday","11 AM to 1 AM","Tuesday","11 AM to 1 AM","Wednesday","11 AM to 1 AM","Thursday","11 AM to 1 AM","Friday","11 AM to 1 AM","Saturday","11 AM to 1 AM","Sunday","11 AM to 1 AM","false","+91 93210 03570","+919321003570","ChIJS02V59LP5zsRIXf9KS2SXTQ","400003","$$","4",,"2963","2024-08-10T18:37:08.006Z","https://www.google.com/maps/search/mc%20donalds/@18.93522937671272,72.82760116556834,15z?hl=en","mc donalds","Maharashtra","McDonalds Family Restaurants, Bhendi-Bazaar-Saifee Ground Floor, Saifee Cluster, Shop G27/G28/F21, AL-SA'ADAH Building Ibrahim Rehamatullah Road, Mohammed Ali Rd, near Shalimar Restaurant","मॅकडोनाल्ड्स","false","McDonald's","4.5","https://www.google.com/maps/search/?api=1&query=McDonald's&query_place_id=ChIJS02V59LP5zsRIXf9KS2SXTQ","https://mcdelivery.co.in/restaurants/mumbai/353/order-food-online-in-McDonalds-saifeebhendibazaar-bhendibazaar"
"false",,,,"false",,,,,,"false",,,,"true","true","true","true",,,"true",,"true",,"true",,,"true","true",,"true",,"true",,,"true",,,"true",,"true",,,,"true",,,,,"true",,,,,,"true",,,,,,,,,"true",,,,,,,,,,,,,,,,"true",,,,"true",,,,,"true","true","true","true",,,"true",,,"true",,,,,,"true",,,,,"true","true",,,,,,"Sai Elegance, Mahakali Caves Rd, Subhash Nagar, Andheri East, Mumbai, Maharashtra 400093, India","Fast food restaurant","Breakfast restaurant","Coffee shop","Dessert shop","Family restaurant","Delivery Restaurant","Restaurant","Fast food restaurant","10873977721717504914","Mumbai","false","IN","Classic, long-running fast-food chain known for its burgers & fries.","0x3be7c836d7df5fef:0x96e82120067bbb92","https://food.google.com/chooseprovider?restaurantId=/g/11btn19fjk&g2lbs=AOHF13nFNTvIRnB90SSh2cl0sxt-iEvv21u7cWpZ1MNSc9MpQ8Kyl7-G3qZ-GGxJO2RqrKKjPz5fjwCzscEQm681JN_n4BcWVZdAIeJODzrARGVxZqPkAwk%3D&hl=en-US&gl=us&fo_m=MfohQo559jFvMUOzJVpjPL1YMfZ3bInYwBDuMfaXTPp5KXh-&utm_source=tactile&gei=UrO3ZoDpLO-6kPIPmOqs4Aw&ei=UrO3ZoDpLO-6kPIPmOqs4Aw&fo_s=OA,SOE&opi=79508299&foub=mcpp","1402","false","19.1230205","72.8643694","Subhash Nagar, Andheri East","Monday","9 AM to 12 AM","Tuesday","9 AM to 12 AM","Wednesday","9 AM to 12 AM","Thursday","9 AM to 12 AM","Friday","9 AM to 12 AM","Saturday","9 AM to 12 AM","Sunday","9 AM to 12 AM","false","+91 89283 04181","+918928304181","ChIJ71_f1zbI5zsRkrt7BiAh6JY","400093","$$","20",,"8200","2024-08-10T18:37:07.787Z","https://www.google.com/maps/search/mc%20donalds/@19.162346668492933,72.82760116556834,15z?hl=en","mc donalds","Maharashtra","Sai Elegance, Mahakali Caves Rd","मॅकडोनाल्ड्स","false","McDonald's","4.2","https://www.google.com/maps/search/?api=1&query=McDonald's&query_place_id=ChIJ71_f1zbI5zsRkrt7BiAh6JY","https://mcdelivery.co.in/restaurants/mumbai/143/order-food-online-in-McDonalds-saielegance-andherieast"
